prompt_id,prompt_title,prompt_date,checkpoint_or_session_reference,correlation_confidence,expected_ui_location,time_worked_minutes,actions,items_read,lines_read,agent_cost_usd,recovery_status,notes
014H,Create Complete TrailWeigh Workflow-Documentation System,2026-08-06,Earliest checkpoints on Aug-06 — before 15:13 UTC,AMBIGUOUS,"Replit workspace → Agent tab → scroll to 2026-08-06 checkpoints early in day — before 15:13 UTC; look for checkpoints with scope matching documentation system creation",,,,,,UI-ONLY — MANUAL RETRIEVAL REQUIRED,5 consecutive prompts (014H–014L) occurred before PRE_014M was created at 15:13; no individual PRE_ boundaries; open Agent tab and use checkpoint descriptions to separate
014I,Quick Category Width and QTY Heading Correction,2026-08-06,Aug-06 before 15:13 UTC — second of 5 early sessions,AMBIGUOUS,"Replit workspace → Agent tab → scroll to 2026-08-06 early checkpoints; look for scope: column width + QTY heading alignment",,,,,,UI-ONLY — MANUAL RETRIEVAL REQUIRED,Part of 014H–014L cluster; use checkpoint description to identify
014J,Restore Master Workflow and Correct QTY Heading,2026-08-06,Aug-06 before 15:13 UTC — third of 5 early sessions,AMBIGUOUS,"Replit workspace → Agent tab → scroll to 2026-08-06 early checkpoints; look for scope: master workflow restore + QTY correction",,,,,,UI-ONLY — MANUAL RETRIEVAL REQUIRED,Part of 014H–014L cluster; use checkpoint description to identify
014K,Final QTY Heading Alignment Correction,2026-08-06,Aug-06 before 15:13 UTC — fourth of 5 early sessions,AMBIGUOUS,"Replit workspace → Agent tab → scroll to 2026-08-06 early checkpoints; look for scope: QTY heading alignment (final)",,,,,,UI-ONLY — MANUAL RETRIEVAL REQUIRED,Part of 014H–014L cluster; use checkpoint description to identify
014L,Complete the Missing 014K Documentation,2026-08-06,Aug-06 before 15:13 UTC — fifth of 5 early sessions,AMBIGUOUS,"Replit workspace → Agent tab → scroll to 2026-08-06 early checkpoints; look for scope: documentation completion for 014K",,,,,,UI-ONLY — MANUAL RETRIEVAL REQUIRED,Part of 014H–014L cluster; use checkpoint description to identify
014M,Finish 014L Documentation and Record Visual Approval,2026-08-06,Session window: 2026-08-06 15:13–15:34 UTC (PRE_014M_MASTER_BACKUP.md marks start),STRONG,"Replit workspace → Agent tab → scroll to 2026-08-06 → find checkpoint between 15:13 and 15:34 UTC → hover usage icon",,,,,,UI-ONLY — MANUAL RETRIEVAL REQUIRED,PRE_ backup created at 15:13:22 UTC marks session start; next PRE_ (014N) at 15:34:00 marks end
014N,Synchronize Master Workflow Summary Sections,2026-08-06,Session window: 2026-08-06 15:34–15:54 UTC (PRE_014N_MASTER_BACKUP.md marks start),STRONG,"Replit workspace → Agent tab → scroll to 2026-08-06 → find checkpoint between 15:34 and 15:54 UTC → hover usage icon",,,,,,UI-ONLY — MANUAL RETRIEVAL REQUIRED,PRE_ backup created at 15:34:00 UTC marks session start; next PRE_ (014O) at 15:54:07 marks end
014O,Restore Workflow Protocol and Finish Documentation Cleanup,2026-08-06,Session window: 2026-08-06 15:54–16:12 UTC (PRE_014O_MASTER_BACKUP.md marks start),STRONG,"Replit workspace → Agent tab → scroll to 2026-08-06 → find checkpoint between 15:54 and 16:12 UTC → hover usage icon",,,,,,UI-ONLY — MANUAL RETRIEVAL REQUIRED,PRE_ backup created at 15:54:07 UTC marks session start; next PRE_ (015) at 16:11:52 marks end
015,(title not extracted — open PROMPT_015_REPORT.md),2026-08-06,Session window: 2026-08-06 16:12–18:56 UTC (PRE_015_MASTER_BACKUP.md marks start),STRONG,"Replit workspace → Agent tab → scroll to 2026-08-06 → find checkpoint between 16:12 and 18:56 UTC → hover usage icon",,,,,,UI-ONLY — MANUAL RETRIEVAL REQUIRED,PRE_ backup created at 16:11:52 UTC marks session start; next PRE_ (016) at 18:56:06 marks end
016,(title not extracted — open PROMPT_016_REPORT.md),2026-08-06,Session window: 2026-08-06 18:56–20:23 UTC (PRE_016_MASTER_BACKUP.md marks start),STRONG,"Replit workspace → Agent tab → scroll to 2026-08-06 → find checkpoint between 18:56 and 20:23 UTC → hover usage icon",,,,,,UI-ONLY — MANUAL RETRIEVAL REQUIRED,PRE_ backup created at 18:56:06 UTC marks session start; next PRE_ (016A) at 20:23:19 marks end
016A,(title not extracted — open PROMPT_016A_REPORT.md),2026-08-06,Session window: 2026-08-06 20:23–21:34 UTC (PRE_016A_MASTER_BACKUP.md marks start),STRONG,"Replit workspace → Agent tab → scroll to 2026-08-06 → find checkpoint between 20:23 and 21:34 UTC → hover usage icon",,,,,,UI-ONLY — MANUAL RETRIEVAL REQUIRED,PRE_ backup created at 20:23:19 UTC marks session start; next PRE_ (016B) at 21:33:41 marks end
016B,Fix Theme Label and Reliable Photo Storage,2026-08-06,Session window: 2026-08-06 21:34–22:54 UTC (PRE_016B_MASTER_BACKUP.md marks start),STRONG,"Replit workspace → Agent tab → scroll to 2026-08-06 → find checkpoint between 21:34 and 22:54 UTC → hover usage icon",,,,,,UI-ONLY — MANUAL RETRIEVAL REQUIRED,PRE_ backup created at 21:33:41 UTC marks session start; next PRE_ (016C) at 22:54:14 marks end
016C,Repair PDF Importer Regression,2026-08-06,Session window: 2026-08-06 22:54–23:32 UTC (PRE_016C_MASTER_BACKUP.md marks start),STRONG,"Replit workspace → Agent tab → scroll to 2026-08-06 → find checkpoint between 22:54 and 23:32 UTC → hover usage icon",,,,,,UI-ONLY — MANUAL RETRIEVAL REQUIRED,PRE_ backup created at 22:54:14 UTC marks session start; next PRE_ (017) at 23:31:58 marks end
017,Replace Showcase with Hide; Reorganize Preview Controls,2026-08-06,Session window: 2026-08-06 23:32 UTC – 2026-08-07 02:52 UTC (PRE_017_MASTER_BACKUP.md marks start),STRONG,"Replit workspace → Agent tab → scroll to 2026-08-06 end / 2026-08-07 start → find checkpoint between 23:32 Aug-06 and 02:52 Aug-07 UTC → hover usage icon",,,,,,UI-ONLY — MANUAL RETRIEVAL REQUIRED,PRE_ backup created at 23:31:58 Aug-06 UTC marks session start; next PRE_ (017A) at 02:52:14 Aug-07 marks end
017A,Make the Hide Pill Always Visible,2026-08-07,Session window: 2026-08-07 02:52–03:11 UTC (PRE_017A_MASTER_BACKUP.md marks start),STRONG,"Replit workspace → Agent tab → scroll to 2026-08-07 → find checkpoint between 02:52 and 03:11 UTC → hover usage icon",,,,,,UI-ONLY — MANUAL RETRIEVAL REQUIRED,PRE_ backup created at 02:52:14 UTC marks session start; next PRE_ (017B) at 03:11:05 marks end; very short session (~19 min)
017B,Stop Landscape Thumbnails from Shaking on Hover,2026-08-07,Session window: 2026-08-07 03:11–03:44 UTC (PRE_017B_MASTER_BACKUP.md marks start),STRONG,"Replit workspace → Agent tab → scroll to 2026-08-07 → find checkpoint between 03:11 and 03:44 UTC → hover usage icon",,,,,,UI-ONLY — MANUAL RETRIEVAL REQUIRED,PRE_ backup created at 03:11:05 UTC marks session start; next PRE_ (017C) at 03:44:04 marks end; ~33 min session
017C,Stop Landscape Shaking When Active Background Displayed,2026-08-07,Session window: 2026-08-07 03:44–04:36 UTC (PRE_017C_MASTER_BACKUP.md marks start),STRONG,"Replit workspace → Agent tab → scroll to 2026-08-07 → find checkpoint between 03:44 and 04:36 UTC → hover usage icon",,,,,,UI-ONLY — MANUAL RETRIEVAL REQUIRED,PRE_ backup created at 03:44:04 UTC marks session start; next PRE_ (017D) at 04:36:10 marks end; ~52 min session
017D,Landscape Thumbnail Shaking — Confirmed Root Cause and Fix,2026-08-07,Session window: 2026-08-07 04:36–05:09 UTC (PRE_017D_MASTER_BACKUP.md marks start),STRONG,"Replit workspace → Agent tab → scroll to 2026-08-07 → find checkpoint between 04:36 and 05:09 UTC → hover usage icon",,,,,,UI-ONLY — MANUAL RETRIEVAL REQUIRED,PRE_ backup created at 04:36:10 UTC marks session start; next PRE_ (017E) at 05:08:56 marks end; ~33 min session
017E,Landscape Thumbnail Geometry Instability: Full Root Cause and Unified Fix,2026-08-07,Session window: 2026-08-07 05:09–05:54 UTC (PRE_017E_MASTER_BACKUP.md marks start),STRONG,"Replit workspace → Agent tab → scroll to 2026-08-07 → find checkpoint between 05:09 and 05:54 UTC → hover usage icon",,,,,,UI-ONLY — MANUAL RETRIEVAL REQUIRED,PRE_ backup created at 05:08:56 UTC marks session start; next PRE_ (017F) at 05:53:44 marks end; ~45 min session
017F,Restore Scan Gear List After Post-017E Regression,2026-08-07,Session window: 2026-08-07 05:54–06:24 UTC (PRE_017F_MASTER_BACKUP.md marks start),STRONG,"Replit workspace → Agent tab → scroll to 2026-08-07 → find checkpoint between 05:54 and 06:24 UTC → hover usage icon",,,,,,UI-ONLY — MANUAL RETRIEVAL REQUIRED,PRE_ backup created at 05:53:44 UTC marks session start; next PRE_ (018) at 06:24:03 marks end; ~30 min session
018,Active File Name + Save Confirmation,2026-08-07,Session window: 2026-08-07 06:24–06:50 UTC (PRE_018_MASTER_BACKUP.md marks start),STRONG,"Replit workspace → Agent tab → scroll to 2026-08-07 → find checkpoint between 06:24 and 06:50 UTC → hover usage icon",,,,,,UI-ONLY — MANUAL RETRIEVAL REQUIRED,PRE_ backup created at 06:24:03 UTC marks session start; next PRE_ (018A) at 06:49:32 marks end; ~26 min session
018A,Active File Name Position + Theme Text Color (correction to 018),2026-08-07,Session window: 2026-08-07 06:50–07:19 UTC (PRE_018A_MASTER_BACKUP.md marks start),STRONG,"Replit workspace → Agent tab → scroll to 2026-08-07 → find checkpoint between 06:50 and 07:19 UTC → hover usage icon",,,,,,UI-ONLY — MANUAL RETRIEVAL REQUIRED,PRE_ backup created at 06:49:32 UTC marks session start; next PRE_ (018B) at 07:18:31 marks end; ~29 min session
018B,Match Active File Name Pill to Hide (correction to 018A),2026-08-07,Session window: 2026-08-07 07:19–07:36 UTC (PRE_018B_MASTER_BACKUP.md marks start),STRONG,"Replit workspace → Agent tab → scroll to 2026-08-07 → find checkpoint between 07:19 and 07:36 UTC → hover usage icon",,,,,,UI-ONLY — MANUAL RETRIEVAL REQUIRED,PRE_ backup created at 07:18:31 UTC marks session start; next PRE_ (018C) at 07:36:02 marks end; ~17 min session
018C,Align Active File Name Pill to Top Control Row (correction to 018B),2026-08-07,Session window: 2026-08-07 07:36–08:00 UTC (PRE_018C_MASTER_BACKUP.md marks start),STRONG,"Replit workspace → Agent tab → scroll to 2026-08-07 → find checkpoint between 07:36 and 08:00 UTC → hover usage icon",,,,,,UI-ONLY — MANUAL RETRIEVAL REQUIRED,PRE_ backup created at 07:36:02 UTC marks session start; next PRE_ (019) at 07:59:34 marks end; ~24 min session
019,Background Edit Pill + Separate Collapsible Summary Panels,2026-08-07,Session window: 2026-08-07 08:00–08:23 UTC (PRE_019_MASTER_BACKUP.md marks start),STRONG,"Replit workspace → Agent tab → scroll to 2026-08-07 → find checkpoint between 08:00 and 08:23 UTC → hover usage icon",,,,,,UI-ONLY — MANUAL RETRIEVAL REQUIRED,PRE_ backup created at 07:59:34 UTC marks session start; next PRE_ (020) at 08:22:44 marks end; ~23 min session
020,New Starts With No Categories,2026-08-07,Session window: 2026-08-07 08:23–09:51 UTC (PRE_020_MASTER_BACKUP.md marks start),STRONG,"Replit workspace → Agent tab → scroll to 2026-08-07 → find checkpoint between 08:23 and 09:51 UTC → hover usage icon",,,,,,UI-ONLY — MANUAL RETRIEVAL REQUIRED,PRE_ backup created at 08:22:44 UTC marks session start; next PRE_ (020B) at 09:51:21 marks end; ~88 min session
020B,Restore Saved Appearance on First Open After New,2026-08-07,Session window: 2026-08-07 09:51–10:20 UTC (PRE_020B_MASTER_BACKUP.md marks start),STRONG,"Replit workspace → Agent tab → scroll to 2026-08-07 → find checkpoint between 09:51 and 10:20 UTC → hover usage icon",,,,,,UI-ONLY — MANUAL RETRIEVAL REQUIRED,PRE_ backup created at 09:51:21 UTC marks session start; next PRE_ (020C) at 10:20:27 marks end; ~29 min session
020C,Make New Deterministically Reset to Clear + Light,2026-08-07,Session window: 2026-08-07 10:20–14:48 UTC (PRE_020C_MASTER_BACKUP.md marks start),STRONG,"Replit workspace → Agent tab → scroll to 2026-08-07 → find checkpoint between 10:20 and 14:48 UTC → hover usage icon",,,,,,UI-ONLY — MANUAL RETRIEVAL REQUIRED,PRE_ backup created at 10:20:27 UTC marks session start; next PRE_ (020D) at 14:47:57 marks end; ~268 min window (possible break in middle)
020D,Separate New Appearance From Saved-File Appearance,2026-08-07,Session window: 2026-08-07 14:48–17:16 UTC (PRE_020D_MASTER_BACKUP.md marks start),STRONG,"Replit workspace → Agent tab → scroll to 2026-08-07 → find checkpoint between 14:48 and 17:16 UTC → hover usage icon",,,,,,UI-ONLY — MANUAL RETRIEVAL REQUIRED,PRE_ backup created at 14:47:57 UTC marks session start; next PRE_ (020E) at 17:15:44 marks end; ~148 min window
020E,Stop Cross-Tab Background Leakage + Protect Saved Appearance Data,2026-08-07,Session window: 2026-08-07 17:16–18:28 UTC (PRE_020E_MASTER_BACKUP.md marks start),STRONG,"Replit workspace → Agent tab → scroll to 2026-08-07 → find checkpoint between 17:16 and 18:28 UTC → hover usage icon",,,,,,UI-ONLY — MANUAL RETRIEVAL REQUIRED,PRE_ backup created at 17:15:44 UTC marks session start; next PRE_ (020F) at 18:27:40 marks end; ~72 min session
020F,(title not extracted),2026-08-07,Session window: 2026-08-07 18:28–19:52 UTC (PRE_020F_MASTER_BACKUP.md marks start),STRONG,"Replit workspace → Agent tab → scroll to 2026-08-07 → find checkpoint between 18:28 and 19:52 UTC → hover usage icon",,,,,,UI-ONLY — MANUAL RETRIEVAL REQUIRED,PRE_ backup created at 18:27:40 UTC marks session start; next PRE_ (021) at 19:52:17 marks end; ~84 min session
021,Share Link Repair,2026-08-07,Session window: 2026-08-07 19:52 UTC – 2026-08-08 01:00 UTC (PRE_021_MASTER_BACKUP.md marks start),STRONG,"Replit workspace → Agent tab → scroll to 2026-08-07 late / 2026-08-08 early → find checkpoint from 19:52 Aug-07 to 01:00 Aug-08 UTC → hover usage icon",,,,,,UI-ONLY — MANUAL RETRIEVAL REQUIRED,PRE_ backup created at 19:52:17 UTC Aug-07 marks session start; next PRE_ (021F) at 01:00 Aug-08 marks end of cluster
021A,Protect Private Checklist + Repair Locker Delete Auth,2026-08-07,One of 5 sessions between PRE_021 (Aug-07 19:52) and PRE_021F (Aug-08 01:00) UTC,AMBIGUOUS,"Replit workspace → Agent tab → scroll to Aug-07/08 boundary (19:52–01:00) → find checkpoints in sequence — 021 was first; 021A through 021E follow in order → use checkpoint descriptions to identify",,,,,,UI-ONLY — MANUAL RETRIEVAL REQUIRED,No PRE_021A file; 5 consecutive sessions (021+021A–021E) in ~5hr window; look for 5 checkpoints in sequence and match by description
021B,Simplify Private Delete + Shared Locker View/Copy Only,2026-08-07,One of 5 sessions between PRE_021 (Aug-07 19:52) and PRE_021F (Aug-08 01:00) UTC,AMBIGUOUS,"Replit workspace → Agent tab → scroll to Aug-07/08 boundary → 3rd checkpoint in sequence (after 021 and 021A) → use checkpoint description to confirm scope",,,,,,UI-ONLY — MANUAL RETRIEVAL REQUIRED,No PRE_021B file; look for checkpoint describing simplified delete + shared locker view-only behavior
021C,Add View-Only Shared Locker + Preserve Viewer Isolation,2026-08-08,One of 5 sessions between PRE_021 (Aug-07 19:52) and PRE_021F (Aug-08 01:00) UTC,AMBIGUOUS,"Replit workspace → Agent tab → 4th checkpoint in Aug-07/08 sequence → look for scope: view-only locker + viewer isolation",,,,,,UI-ONLY — MANUAL RETRIEVAL REQUIRED,No PRE_021C file; look for checkpoint describing locker viewer isolation
021D,Make Shared Locker Visible in Real Shared Link,2026-08-08,One of 5 sessions between PRE_021 (Aug-07 19:52) and PRE_021F (Aug-08 01:00) UTC,AMBIGUOUS,"Replit workspace → Agent tab → 5th checkpoint in Aug-07/08 sequence → look for scope: shared locker visibility in live link",,,,,,UI-ONLY — MANUAL RETRIEVAL REQUIRED,No PRE_021D file; look for checkpoint describing real shared link locker fix
021E,Fix Real Shared Locker + Share Pack List,2026-08-08,One of 5 sessions between PRE_021 (Aug-07 19:52) and PRE_021F (Aug-08 01:00) UTC — immediately before PRE_021F,AMBIGUOUS,"Replit workspace → Agent tab → last checkpoint before 021F (01:00 Aug-08) → look for scope: real shared locker + pack list sharing",,,,,,UI-ONLY — MANUAL RETRIEVAL REQUIRED,No PRE_021E file; this should be the checkpoint immediately before PRE_021F (01:00 Aug-08)
021F,Fix Share Menu Consistency + Panel Order + Labels,2026-08-08,Session window: 2026-08-08 01:00–01:32 UTC (PRE_021F_MASTER_BACKUP.md marks start),STRONG,"Replit workspace → Agent tab → scroll to 2026-08-08 → find checkpoint between 01:00 and 01:32 UTC → hover usage icon",,,,,,UI-ONLY — MANUAL RETRIEVAL REQUIRED,PRE_ backup created at 00:59:42 UTC marks session start; next PRE_ (021G) at 01:31:46 marks end; ~32 min session
021G,Fix Shared File Open + Scan Gear List Chevron,2026-08-08,Session window: 2026-08-08 01:32–05:13 UTC (PRE_021G_MASTER_BACKUP.md marks start),STRONG,"Replit workspace → Agent tab → scroll to 2026-08-08 → find checkpoint between 01:32 and 05:13 UTC → hover usage icon",,,,,,UI-ONLY — MANUAL RETRIEVAL REQUIRED,PRE_ backup created at 01:31:46 UTC marks session start; next PRE_ (021H) at 05:12:32 marks end; ~220 min window (possible break)
021H,Rebalance Vertical Gutters and Center Sidebar,2026-08-08,Session window: 2026-08-08 05:13–14:03 UTC (PRE_021H_MASTER_BACKUP.md marks start),STRONG,"Replit workspace → Agent tab → scroll to 2026-08-08 → find checkpoint between 05:13 and 14:03 UTC → hover usage icon",,,,,,UI-ONLY — MANUAL RETRIEVAL REQUIRED,PRE_ backup created at 05:12:32 UTC marks session start; next PRE_ (021I) at 14:02:47 marks end; ~530 min window (very likely a break in middle)
021I,Pixel Baseline Diagnostic Report,2026-08-08,Session window: 2026-08-08 14:03–14:49 UTC (PRE_021I_MASTER_BACKUP.md marks start),STRONG,"Replit workspace → Agent tab → scroll to 2026-08-08 afternoon → find checkpoint between 14:03 and 14:49 UTC → hover usage icon",,,,,,UI-ONLY — MANUAL RETRIEVAL REQUIRED,PRE_ backup created at 14:02:47 UTC marks session start; next PRE_ (021J) at 14:48:48 marks end; ~46 min session
021J,Exact Gutter Correction + Collapsible-Panel Chevron Direction,2026-08-08,Session window: 2026-08-08 14:49–15:29 UTC (PRE_021J_MASTER_BACKUP.md marks start),STRONG,"Replit workspace → Agent tab → scroll to 2026-08-08 → find checkpoint between 14:49 and 15:29 UTC → hover usage icon",,,,,,UI-ONLY — MANUAL RETRIEVAL REQUIRED,PRE_ backup created at 14:48:48 UTC marks session start; next PRE_ (021K) at 15:28:32 marks end; ~40 min session
021K,Restore Category Padding and Equalize Main Gutters,2026-08-08,Session window: 2026-08-08 15:29–15:53 UTC (PRE_021K_MASTER_BACKUP.md marks start),STRONG,"Replit workspace → Agent tab → scroll to 2026-08-08 → find checkpoint between 15:29 and 15:53 UTC → hover usage icon",,,,,,UI-ONLY — MANUAL RETRIEVAL REQUIRED,PRE_ backup created at 15:28:32 UTC marks session start; next PRE_ (021L) at 15:53:27 marks end; ~24 min session
021L,Center Sidebar Panel + Fix Scan Gear List Disclosure Chevron,2026-08-08,Session window: 2026-08-08 15:53–16:20 UTC (PRE_021L_MASTER_BACKUP.md marks start),STRONG,"Replit workspace → Agent tab → scroll to 2026-08-08 → find checkpoint between 15:53 and 16:20 UTC → hover usage icon",,,,,,UI-ONLY — MANUAL RETRIEVAL REQUIRED,PRE_ backup created at 15:53:27 UTC marks session start; next PRE_ (021M) at 16:20:28 marks end; ~27 min session
021M,Align Toolbar Control Groups With Panel Edges,2026-08-08,Session window: 2026-08-08 16:20–17:09 UTC (PRE_021M_MASTER_BACKUP.md marks start),STRONG,"Replit workspace → Agent tab → scroll to 2026-08-08 → find checkpoint between 16:20 and 17:09 UTC → hover usage icon",,,,,,UI-ONLY — MANUAL RETRIEVAL REQUIRED,PRE_ backup created at 16:20:28 UTC marks session start; next PRE_ (021N) at 17:09:10 marks end; ~49 min session
021N,Toolbar Group Container,2026-08-08,Session window: 2026-08-08 17:09–17:39 UTC (PRE_021N_MASTER_BACKUP.md marks start),STRONG,"Replit workspace → Agent tab → scroll to 2026-08-08 → find checkpoint between 17:09 and 17:39 UTC → hover usage icon",,,,,,UI-ONLY — MANUAL RETRIEVAL REQUIRED,PRE_ backup created at 17:09:10 UTC marks session start; next PRE_ (021O MASTER) at 17:39:09 marks end; ~30 min session
021O,Move the Entire Toolbar Group Up,2026-08-08,Session window: 2026-08-08 17:39–18:13 UTC (PRE_021O_MASTER_BACKUP.md marks start),STRONG,"Replit workspace → Agent tab → scroll to 2026-08-08 → find checkpoint between 17:39 and 18:13 UTC → hover usage icon",,,,,,UI-ONLY — MANUAL RETRIEVAL REQUIRED,PRE_ backup created at 17:39:09 UTC marks session start; next PRE_ (021P MASTER) at 18:13:09 marks end; ~34 min session
021P,Align Pack Summary Top Edge With Checklist Panel,2026-08-08,Session window: 2026-08-08 18:13–19:12 UTC (PRE_021P_MASTER_BACKUP.md marks start),STRONG,"Replit workspace → Agent tab → scroll to 2026-08-08 → find checkpoint between 18:13 and 19:12 UTC → hover usage icon",,,,,,UI-ONLY — MANUAL RETRIEVAL REQUIRED,PRE_ backup created at 18:13:09 UTC marks session start; next PRE_ (022 APP_BACKUP) at 19:12:11 marks end; ~59 min session
022,Add TrailWeigh Footer + Legal + Help & Support Navigation,2026-08-08,Session window: 2026-08-08 19:12–19:54 UTC (PRE_022_MASTER_BACKUP.md marks start at 19:12:25),STRONG,"Replit workspace → Agent tab → scroll to 2026-08-08 → find checkpoint between 19:12 and 19:54 UTC → hover usage icon",,,,,,UI-ONLY — MANUAL RETRIEVAL REQUIRED,PRE_022_APP/LANDING/SHARED backups created 19:12:11; MASTER at 19:12:25; next PRE_ (022A) at 19:54:08/20 marks end; ~42 min session
022A,Add Footer to Main Checklist Page,2026-08-08,Session window: 2026-08-08 19:54–20:09 UTC (PRE_022A_MASTER_BACKUP.md marks start at 19:54:20),STRONG,"Replit workspace → Agent tab → scroll to 2026-08-08 → find checkpoint between 19:54 and 20:09 UTC → hover usage icon",,,,,,UI-ONLY — MANUAL RETRIEVAL REQUIRED,PRE_ backups at 19:54:08/20 mark session start; next PRE_ (022B MASTER) at 20:08:30 marks end; ~15 min session
022B,Complete Footer Page Content + Detailed Help & How-To,2026-08-08,Session window: 2026-08-08 20:09–21:32 UTC (PRE_022B_MASTER_BACKUP.md marks start at 20:08:30),STRONG,"Replit workspace → Agent tab → scroll to 2026-08-08 → find checkpoint between 20:09 and 21:32 UTC → hover usage icon",,,,,,UI-ONLY — MANUAL RETRIEVAL REQUIRED,Multiple PRE_022B backups at 20:08:22/30 mark session start; next PRE_ (022C) at 21:31:31 marks end; ~83 min session
022C,Reorganize and Simplify Help & How-To,2026-08-08,Session window: 2026-08-08 21:32–21:53 UTC (PRE_022C_HelpPage_BACKUP.tsx marks start at 21:31:31),STRONG,"Replit workspace → Agent tab → scroll to 2026-08-08 → find checkpoint between 21:32 and 21:53 UTC → hover usage icon",,,,,,UI-ONLY — MANUAL RETRIEVAL REQUIRED,PRE_ backup at 21:31:31 marks session start; next PRE_ (022D) at 21:52:58 marks end; ~22 min session
022D,Build About TrailWeigh Accordion Content,2026-08-08,Session window: 2026-08-08 21:53–22:17 UTC (PRE_022D_AboutPage_BACKUP.tsx marks start at 21:52:58),STRONG,"Replit workspace → Agent tab → scroll to 2026-08-08 → find checkpoint between 21:53 and 22:17 UTC → hover usage icon",,,,,,UI-ONLY — MANUAL RETRIEVAL REQUIRED,PRE_ backup at 21:52:58 marks session start; next PRE_ (022E) at 22:16:32 marks end; ~24 min session
022E,Update How It Works,2026-08-08,Session window: 2026-08-08 22:17–22:57 UTC (PRE_022E_HowItWorksPage_BACKUP.tsx marks start at 22:16:32),STRONG,"Replit workspace → Agent tab → scroll to 2026-08-08 → find checkpoint between 22:17 and 22:57 UTC → hover usage icon",,,,,,UI-ONLY — MANUAL RETRIEVAL REQUIRED,PRE_ backup at 22:16:32 marks session start; next PRE_ (022F) at 22:57:01 marks end; ~41 min session
022F,Shared-Link Footer Overlay Fix,2026-08-08,Session window: 2026-08-08 22:57–23:19 UTC (PRE_022F_SharedChecklistPage_BACKUP.tsx marks start at 22:57:01),STRONG,"Replit workspace → Agent tab → scroll to 2026-08-08 → find checkpoint between 22:57 and 23:19 UTC → hover usage icon",,,,,,UI-ONLY — MANUAL RETRIEVAL REQUIRED,PRE_ backup at 22:57:01 marks session start; next PRE_ (022G) at 23:19:11 marks end; ~22 min session
022G,Restore Last Workspace With All Panels Closed,2026-08-08,Session window: 2026-08-08 23:19–23:32 UTC (PRE_022G_Checklist_BACKUP.tsx marks start at 23:19:11),STRONG,"Replit workspace → Agent tab → scroll to 2026-08-08 → find checkpoint between 23:19 and 23:32 UTC → hover usage icon",,,,,,UI-ONLY — MANUAL RETRIEVAL REQUIRED,PRE_ backup at 23:19:11 marks session start; next PRE_ (022H) at 23:31:30 marks end; ~13 min session
022H,Start Shared Links With All Panels Closed,2026-08-08,Session window: 2026-08-08 23:32–23:48 UTC (PRE_022H_SharedChecklistPage_BACKUP.tsx marks start at 23:31:30),STRONG,"Replit workspace → Agent tab → scroll to 2026-08-08 → find checkpoint between 23:32 and 23:48 UTC → hover usage icon",,,,,,UI-ONLY — MANUAL RETRIEVAL REQUIRED,PRE_ backup at 23:31:30 marks session start; next PRE_ (022I) at 23:47:31 marks end; ~17 min session
022I,Complete Shared-Link Collapse & Share Behavior,2026-08-08,Session window: 2026-08-08 23:48 UTC – 2026-08-09 00:18 UTC (PRE_022I backups mark start at 23:47:31),STRONG,"Replit workspace → Agent tab → scroll to 2026-08-08 end / 2026-08-09 start → find checkpoint between 23:48 Aug-08 and 00:18 Aug-09 UTC → hover usage icon",,,,,,UI-ONLY — MANUAL RETRIEVAL REQUIRED,PRE_ backups at 23:47:31 mark session start; next PRE_ (022J) at 00:18:19 Aug-09 marks end; ~31 min session
022J,Consistent Native Share + Default Panel State,2026-08-09,Session window: 2026-08-09 00:18 UTC – ~00:52 UTC (PRE_022J_SharedChecklistPage_BACKUP marks start at 00:18:19),STRONG,"Replit workspace → Agent tab → scroll to 2026-08-09 very early → find checkpoint between 00:18 and ~01:00 UTC → hover usage icon",,,,,,UI-ONLY — MANUAL RETRIEVAL REQUIRED,PRE_ backup at 00:18:19 marks session start; git commit 'Document trailweigh workflow and update unit tests' at 00:52 UTC marks approximate end
022K,(report missing),—,NOT FOUND,NOT FOUND,"No Replit checkpoint identifiable — no report file, PRE_ backup, test file, or git reference for 022K",,,,,,NOT FOUND,Cannot locate in Agent tab; no evidence of this session found in any local source
022L,Expanded About + Sources & References,2026-08-09,~03:35 UTC Aug-09 (nearest git commit: 'Update documentation and refactor pack checklist components and pages'),AMBIGUOUS,"Replit workspace → Agent tab → scroll to 2026-08-09 → find checkpoint around 03:35 UTC → hover usage icon",,,,,,UI-ONLY — MANUAL RETRIEVAL REQUIRED,No PRE_ backup; use git commit timestamp ~03:35 as approximate checkpoint anchor; may be slightly earlier
022M,Improve Sign-In / Form Field Visibility,2026-08-09,~04:40 UTC Aug-09 (nearest git commit: 'Implement sign-in form visibility improvements and add test coverage'),AMBIGUOUS,"Replit workspace → Agent tab → scroll to 2026-08-09 → find checkpoint around 04:40 UTC → hover usage icon",,,,,,UI-ONLY — MANUAL RETRIEVAL REQUIRED,No PRE_ backup; use git commit timestamp ~04:40 as approximate checkpoint anchor
022N,Increase Sign-In Contrast & Fix Continue Button States,2026-08-09,~04:51 UTC Aug-09 (nearest git commit: 'Implement sign-in contrast fix for pack checklist app'),AMBIGUOUS,"Replit workspace → Agent tab → scroll to 2026-08-09 → find checkpoint around 04:51 UTC → hover usage icon",,,,,,UI-ONLY — MANUAL RETRIEVAL REQUIRED,No PRE_ backup; use git commit timestamp ~04:51 as approximate checkpoint anchor
022O,Fix Password Recovery + Password Visibility + Auth Contrast,2026-08-09,~05:51 UTC Aug-09 (nearest git commit: 'Implement auth flow fixes and add diagnostic test coverage'),AMBIGUOUS,"Replit workspace → Agent tab → scroll to 2026-08-09 → find checkpoint around 05:51 UTC → hover usage icon",,,,,,UI-ONLY — MANUAL RETRIEVAL REQUIRED,No PRE_ backup; use git commit timestamp ~05:51 as approximate checkpoint anchor
022P,Delete Custom Background Themes,2026-08-09,~Aug-09 afternoon (no isolated git commit found — check between 022O ~05:51 and 022R ~13:52),AMBIGUOUS,"Replit workspace → Agent tab → scroll to 2026-08-09 between 06:00 and 13:52 UTC → look for checkpoint with scope: delete custom background themes",,,,,,UI-ONLY — MANUAL RETRIEVAL REQUIRED,No PRE_ backup and no isolated git commit; look for checkpoint between 022O end (~05:51) and 022R start (~13:52) on Aug-09
022Q,(report missing),—,NOT FOUND,NOT FOUND,"No Replit checkpoint identifiable — no report file, PRE_ backup, test file, or git reference for 022Q",,,,,,NOT FOUND,Cannot locate in Agent tab; no evidence of this session found in any local source; may be between 022P and 022R on Aug-09
022R,Mobile Compatibility & Cross-Device Synchronization,2026-08-09,~13:52–14:31 UTC Aug-09 (git commit range: 'Update workflow documentation and pack checklist dependencies' → 'Add theme deletion logic'),AMBIGUOUS,"Replit workspace → Agent tab → scroll to 2026-08-09 afternoon → find checkpoint around 13:52–14:31 UTC → hover usage icon",,,,,,UI-ONLY — MANUAL RETRIEVAL REQUIRED,No PRE_ backup; use git commit range 13:52–14:31 Aug-09 as session window
022S,Fix Failed iPhone Locker Synchronization,2026-08-09,~15:48 UTC Aug-09 (nearest git commit: 'Implement locker synchronization feature and schema updates'),AMBIGUOUS,"Replit workspace → Agent tab → scroll to 2026-08-09 → find checkpoint around 15:48 UTC → hover usage icon",,,,,,UI-ONLY — MANUAL RETRIEVAL REQUIRED,No PRE_ backup; use git commit ~15:48 Aug-09 as approximate anchor
022T,Fix Real-Device Sync by Proving Build/Environment State,2026-08-09,~16:19–16:39 UTC Aug-09 (git commit range),AMBIGUOUS,"Replit workspace → Agent tab → scroll to 2026-08-09 → find checkpoint around 16:19–16:39 UTC → hover usage icon",,,,,,UI-ONLY — MANUAL RETRIEVAL REQUIRED,No PRE_ backup; use git commit range 16:19–16:39 Aug-09 as session window
022U,Fix Mobile Locker Scrolling and Saved-File Visibility,2026-08-10,~17:04 UTC Aug-09 (nearest git commit: 'Implement locker scroll functionality and update checklist documentation and tests'),AMBIGUOUS,"Replit workspace → Agent tab → scroll to 2026-08-09 → find checkpoint around 17:04 UTC → hover usage icon",,,,,,UI-ONLY — MANUAL RETRIEVAL REQUIRED,No PRE_ backup; use git commit ~17:04 Aug-09 as approximate anchor
022V,Fix Mobile Portrait Toolbar and Pill Alignment,2026-08-10,~17:31 UTC Aug-09 (nearest git commit: 'Update documentation and add mobile toolbar tests'),AMBIGUOUS,"Replit workspace → Agent tab → scroll to 2026-08-09 → find checkpoint around 17:31 UTC → hover usage icon",,,,,,UI-ONLY — MANUAL RETRIEVAL REQUIRED,No PRE_ backup; use git commit ~17:31 Aug-09 as approximate anchor
022W,Correct Mobile Portrait Toolbar Layout with Explicit Rows,2026-08-10,~18:39 UTC Aug-09 (nearest git commit: 'Update documentation and refactor test hooks'),AMBIGUOUS,"Replit workspace → Agent tab → scroll to 2026-08-09 → find checkpoint around 18:39 UTC → hover usage icon",,,,,,UI-ONLY — MANUAL RETRIEVAL REQUIRED,No PRE_ backup; use git commit ~18:39 Aug-09 as approximate anchor
022X,Restore Intended Toolbar/Pill Positions on Mobile,2026-08-10,~19:20 UTC Aug-09 (nearest git commit: 'Update workflow documentation and checklist test suite coverage'),AMBIGUOUS,"Replit workspace → Agent tab → scroll to 2026-08-09 → find checkpoint around 19:20 UTC → hover usage icon",,,,,,UI-ONLY — MANUAL RETRIEVAL REQUIRED,No PRE_ backup; use git commit ~19:20 Aug-09 as approximate anchor
022Y,Fix Custom-Theme Delete Warning Position,2026-08-10,~20:10 UTC Aug-09 (nearest git commit: 'Update theme deletion warning component and add related test coverage'),AMBIGUOUS,"Replit workspace → Agent tab → scroll to 2026-08-09 → find checkpoint around 20:10 UTC → hover usage icon",,,,,,UI-ONLY — MANUAL RETRIEVAL REQUIRED,No PRE_ backup; use git commit ~20:10 Aug-09 as approximate anchor
022Z,Fix Custom-Theme Delete Confirmation Jump and Double-Click,2026-08-10,~21:18 UTC Aug-09 (nearest git commit: 'Implement custom theme delete confirmation fix and add associated tests'),AMBIGUOUS,"Replit workspace → Agent tab → scroll to 2026-08-09 → find checkpoint around 21:18 UTC → hover usage icon",,,,,,UI-ONLY — MANUAL RETRIEVAL REQUIRED,No PRE_ backup; use git commit ~21:18 Aug-09 as approximate anchor
023A,Make Custom-Theme Deletion Undoable,2026-08-10,~21:52 UTC Aug-09 (nearest git commit: 'Update background picker and implement theme deletion undo logic'),AMBIGUOUS,"Replit workspace → Agent tab → scroll to 2026-08-09 → find checkpoint around 21:52 UTC → hover usage icon",,,,,,UI-ONLY — MANUAL RETRIEVAL REQUIRED,No PRE_ backup; use git commit ~21:52 Aug-09 as approximate anchor
023B,BackgroundPicker Theme Names/Order + Phone Layout Redesign,2026-08-10,~23:12 UTC Aug-09 (nearest git commit: 'Update background picker component and refine associated test cases'),AMBIGUOUS,"Replit workspace → Agent tab → scroll to 2026-08-09 late → find checkpoint around 23:12 UTC → hover usage icon",,,,,,UI-ONLY — MANUAL RETRIEVAL REQUIRED,No PRE_ backup; use git commit ~23:12 Aug-09 as approximate anchor
023C,Themes Phone Spacing & Multi-Use Messaging,2026-08-09,~00:12 UTC Aug-10 (nearest git commit: 'Refactor background picker and update test hooks'),AMBIGUOUS,"Replit workspace → Agent tab → scroll to 2026-08-10 very early → find checkpoint around 00:12 UTC → hover usage icon",,,,,,UI-ONLY — MANUAL RETRIEVAL REQUIRED,No PRE_ backup; use git commit ~00:12 Aug-10 as approximate anchor
023D,Remove Replit-Added Duplicate Themes + Fix About Multi-Use Intro,2026-08-10,~00:46 UTC Aug-10 (nearest git commit: 'Refactor background picker component and update theme order tests'),AMBIGUOUS,"Replit workspace → Agent tab → scroll to 2026-08-10 early → find checkpoint around 00:46 UTC → hover usage icon",,,,,,UI-ONLY — MANUAL RETRIEVAL REQUIRED,No PRE_ backup; use git commit ~00:46 Aug-10 as approximate anchor
023E,Bar Color/Text Styling + Focus Fix + Share Hover + Landing Rewrite,2026-08-10,~02:34 UTC Aug-10 (nearest git commit: 'Add background picker component and integrate with checklist state'),AMBIGUOUS,"Replit workspace → Agent tab → scroll to 2026-08-10 → find checkpoint around 02:34 UTC → hover usage icon",,,,,,UI-ONLY — MANUAL RETRIEVAL REQUIRED,No PRE_ backup; use git commit ~02:34 Aug-10 as approximate anchor
023F,Complete Bar Color / Text / Font Coverage,2026-08-10,~03:31 UTC Aug-10 (nearest git commit: 'Update pack checklist components and add coverage tests'),AMBIGUOUS,"Replit workspace → Agent tab → scroll to 2026-08-10 → find checkpoint around 03:31 UTC → hover usage icon",,,,,,UI-ONLY — MANUAL RETRIEVAL REQUIRED,No PRE_ backup; use git commit ~03:31 Aug-10 as approximate anchor
023G,Bar Style Transparency + Window Isolation + Visual Polish,2026-08-10,~04:36–05:00 UTC Aug-10 (git commit range: 'Add window isolation color' → 'Refactor pack checklist components and context'),AMBIGUOUS,"Replit workspace → Agent tab → scroll to 2026-08-10 → find checkpoint around 04:36–05:00 UTC → hover usage icon",,,,,,UI-ONLY — MANUAL RETRIEVAL REQUIRED,No PRE_ backup; use git commit range 04:36–05:00 Aug-10 as session window; this session had blank-screen regression
023H,Emergency Recovery: Fix TrailWeigh Blank-Screen Regression,2026-08-10,~13:52 UTC Aug-10 (nearest git commit: 'Implement error boundary and add test coverage and update workflow documentation'),AMBIGUOUS,"Replit workspace → Agent tab → scroll to 2026-08-10 → find checkpoint around 13:52 UTC → hover usage icon",,,,,,UI-ONLY — MANUAL RETRIEVAL REQUIRED,No PRE_ backup; use git commit ~13:52 Aug-10 as approximate anchor
023I,Emergency Backend Recovery: Fix 502 API Failures,2026-08-10,~15:09 UTC Aug-10 (git commit: 'Add trailweigh prompt 023I report and update workflow documentation'),AMBIGUOUS,"Replit workspace → Agent tab → scroll to 2026-08-10 → find checkpoint around 15:09 UTC → hover usage icon — NOTE: user screenshot values available; verify they match",4,25,,1074,0.58,PARTIALLY RECOVERED (USER-PROVIDED),User screenshot: time=4min actions=25 lines=1074 cost=$0.58. Find the 15:09 Aug-10 checkpoint and confirm these values match the hover card.
023J,Historical Workflow Inventory,2026-08-10,~15:33 UTC Aug-10 (git commit: 'Add prompt 023j workflow analysis reports and update documentation'),AMBIGUOUS,"Replit workspace → Agent tab → scroll to 2026-08-10 → find checkpoint around 15:33 UTC → hover usage icon — NOTE: user screenshot values available; verify they match",11,18,,631,1.33,PARTIALLY RECOVERED (USER-PROVIDED),User screenshot: time=11min actions=18 lines=631 cost=$1.33. Find the 15:33 Aug-10 checkpoint and confirm these values match the hover card.
