prompt_id,prompt_title,prompt_date,session_checkpoint_reference,correlation_confidence,time_worked_minutes,time_source,actions,actions_source,items_read,items_read_source,lines_read,lines_read_source,agent_cost_usd,cost_source,recovery_status,notes
014H,Create Complete TrailWeigh Workflow-Documentation System,2026-08-06,Before PRE_014M (15:13 UTC),AMBIGUOUS,,UI-ONLY — MANUAL RETRIEVAL REQUIRED,,UI-ONLY — MANUAL RETRIEVAL REQUIRED,,UI-ONLY — MANUAL RETRIEVAL REQUIRED,,UI-ONLY — MANUAL RETRIEVAL REQUIRED,,UI-ONLY — MANUAL RETRIEVAL REQUIRED,UI-ONLY — MANUAL RETRIEVAL REQUIRED,No PRE_ backup file; session predates PRE_014M timestamp
014I,Quick Category Width and QTY Heading Correction,2026-08-06,Before PRE_014M (15:13 UTC),AMBIGUOUS,,UI-ONLY — MANUAL RETRIEVAL REQUIRED,,UI-ONLY — MANUAL RETRIEVAL REQUIRED,,UI-ONLY — MANUAL RETRIEVAL REQUIRED,,UI-ONLY — MANUAL RETRIEVAL REQUIRED,,UI-ONLY — MANUAL RETRIEVAL REQUIRED,UI-ONLY — MANUAL RETRIEVAL REQUIRED,No PRE_ backup file; session predates PRE_014M timestamp
014J,Restore Master Workflow and Correct QTY Heading,2026-08-06,Before PRE_014M (15:13 UTC),AMBIGUOUS,,UI-ONLY — MANUAL RETRIEVAL REQUIRED,,UI-ONLY — MANUAL RETRIEVAL REQUIRED,,UI-ONLY — MANUAL RETRIEVAL REQUIRED,,UI-ONLY — MANUAL RETRIEVAL REQUIRED,,UI-ONLY — MANUAL RETRIEVAL REQUIRED,UI-ONLY — MANUAL RETRIEVAL REQUIRED,No PRE_ backup file; session predates PRE_014M timestamp
014K,Final QTY Heading Alignment Correction,2026-08-06,Before PRE_014M (15:13 UTC),AMBIGUOUS,,UI-ONLY — MANUAL RETRIEVAL REQUIRED,,UI-ONLY — MANUAL RETRIEVAL REQUIRED,,UI-ONLY — MANUAL RETRIEVAL REQUIRED,,UI-ONLY — MANUAL RETRIEVAL REQUIRED,,UI-ONLY — MANUAL RETRIEVAL REQUIRED,UI-ONLY — MANUAL RETRIEVAL REQUIRED,No PRE_ backup file; session predates PRE_014M timestamp
014L,Complete the Missing 014K Documentation,2026-08-06,Before PRE_014M (15:13 UTC),AMBIGUOUS,,UI-ONLY — MANUAL RETRIEVAL REQUIRED,,UI-ONLY — MANUAL RETRIEVAL REQUIRED,,UI-ONLY — MANUAL RETRIEVAL REQUIRED,,UI-ONLY — MANUAL RETRIEVAL REQUIRED,,UI-ONLY — MANUAL RETRIEVAL REQUIRED,UI-ONLY — MANUAL RETRIEVAL REQUIRED,No PRE_ backup file; session predates PRE_014M timestamp
014M,Finish 014L Documentation and Record Visual Approval,2026-08-06,PRE_014M_MASTER_BACKUP.md (session start 15:13 UTC; end ~15:34),STRONG,,UI-ONLY — MANUAL RETRIEVAL REQUIRED,,UI-ONLY — MANUAL RETRIEVAL REQUIRED,,UI-ONLY — MANUAL RETRIEVAL REQUIRED,,UI-ONLY — MANUAL RETRIEVAL REQUIRED,,UI-ONLY — MANUAL RETRIEVAL REQUIRED,UI-ONLY — MANUAL RETRIEVAL REQUIRED,PRE_ timestamp gives session window; look for Aug-06 ~15:13–15:34 checkpoint in Agent tab
014N,Synchronize Master Workflow Summary Sections,2026-08-06,PRE_014N_MASTER_BACKUP.md (session start 15:34 UTC; end ~15:54),STRONG,,UI-ONLY — MANUAL RETRIEVAL REQUIRED,,UI-ONLY — MANUAL RETRIEVAL REQUIRED,,UI-ONLY — MANUAL RETRIEVAL REQUIRED,,UI-ONLY — MANUAL RETRIEVAL REQUIRED,,UI-ONLY — MANUAL RETRIEVAL REQUIRED,UI-ONLY — MANUAL RETRIEVAL REQUIRED,PRE_ timestamp gives session window; look for Aug-06 ~15:34–15:54 checkpoint in Agent tab
014O,Restore Workflow Protocol and Finish Documentation Cleanup,2026-08-06,PRE_014O_MASTER_BACKUP.md (session start 15:54 UTC; end ~16:12),STRONG,,UI-ONLY — MANUAL RETRIEVAL REQUIRED,,UI-ONLY — MANUAL RETRIEVAL REQUIRED,,UI-ONLY — MANUAL RETRIEVAL REQUIRED,,UI-ONLY — MANUAL RETRIEVAL REQUIRED,,UI-ONLY — MANUAL RETRIEVAL REQUIRED,UI-ONLY — MANUAL RETRIEVAL REQUIRED,PRE_ timestamp gives session window; look for Aug-06 ~15:54–16:12 checkpoint in Agent tab
015,(title not extracted),2026-08-06,PRE_015_MASTER_BACKUP.md (session start 16:12 UTC; end ~18:56),STRONG,,UI-ONLY — MANUAL RETRIEVAL REQUIRED,,UI-ONLY — MANUAL RETRIEVAL REQUIRED,,UI-ONLY — MANUAL RETRIEVAL REQUIRED,,UI-ONLY — MANUAL RETRIEVAL REQUIRED,,UI-ONLY — MANUAL RETRIEVAL REQUIRED,UI-ONLY — MANUAL RETRIEVAL REQUIRED,PRE_ timestamp gives session window; look for Aug-06 ~16:12–18:56 checkpoint in Agent tab
016,(title not extracted),2026-08-06,PRE_016_MASTER_BACKUP.md (session start 18:56 UTC; end ~20:23),STRONG,,UI-ONLY — MANUAL RETRIEVAL REQUIRED,,UI-ONLY — MANUAL RETRIEVAL REQUIRED,,UI-ONLY — MANUAL RETRIEVAL REQUIRED,,UI-ONLY — MANUAL RETRIEVAL REQUIRED,,UI-ONLY — MANUAL RETRIEVAL REQUIRED,UI-ONLY — MANUAL RETRIEVAL REQUIRED,PRE_ timestamp gives session window; look for Aug-06 ~18:56–20:23 checkpoint in Agent tab
016A,(title not extracted),2026-08-06,PRE_016A_MASTER_BACKUP.md (session start 20:23 UTC; end ~21:34),STRONG,,UI-ONLY — MANUAL RETRIEVAL REQUIRED,,UI-ONLY — MANUAL RETRIEVAL REQUIRED,,UI-ONLY — MANUAL RETRIEVAL REQUIRED,,UI-ONLY — MANUAL RETRIEVAL REQUIRED,,UI-ONLY — MANUAL RETRIEVAL REQUIRED,UI-ONLY — MANUAL RETRIEVAL REQUIRED,PRE_ timestamp gives session window; look for Aug-06 ~20:23–21:34 checkpoint in Agent tab
016B,Fix Theme Label and Reliable Photo Storage,2026-08-06,PRE_016B_MASTER_BACKUP.md (session start 21:34 UTC; end ~22:54),STRONG,,UI-ONLY — MANUAL RETRIEVAL REQUIRED,,UI-ONLY — MANUAL RETRIEVAL REQUIRED,,UI-ONLY — MANUAL RETRIEVAL REQUIRED,,UI-ONLY — MANUAL RETRIEVAL REQUIRED,,UI-ONLY — MANUAL RETRIEVAL REQUIRED,UI-ONLY — MANUAL RETRIEVAL REQUIRED,PRE_ timestamp gives session window; look for Aug-06 ~21:34–22:54 checkpoint in Agent tab
016C,Repair PDF Importer Regression,2026-08-06,PRE_016C_MASTER_BACKUP.md (session start 22:54 UTC; end ~23:32),STRONG,,UI-ONLY — MANUAL RETRIEVAL REQUIRED,,UI-ONLY — MANUAL RETRIEVAL REQUIRED,,UI-ONLY — MANUAL RETRIEVAL REQUIRED,,UI-ONLY — MANUAL RETRIEVAL REQUIRED,,UI-ONLY — MANUAL RETRIEVAL REQUIRED,UI-ONLY — MANUAL RETRIEVAL REQUIRED,PRE_ timestamp gives session window; look for Aug-06 ~22:54–23:32 checkpoint in Agent tab
017,Replace Showcase with Hide; Reorganize Preview Controls,2026-08-06,PRE_017_MASTER_BACKUP.md (session start 23:32 UTC Aug-06; end ~02:52 Aug-07),STRONG,,UI-ONLY — MANUAL RETRIEVAL REQUIRED,,UI-ONLY — MANUAL RETRIEVAL REQUIRED,,UI-ONLY — MANUAL RETRIEVAL REQUIRED,,UI-ONLY — MANUAL RETRIEVAL REQUIRED,,UI-ONLY — MANUAL RETRIEVAL REQUIRED,UI-ONLY — MANUAL RETRIEVAL REQUIRED,PRE_ timestamp gives session window; look for Aug-06/07 ~23:32–02:52 checkpoint in Agent tab
017A,Make the Hide Pill Always Visible,2026-08-07,PRE_017A_MASTER_BACKUP.md (session start 02:52 UTC; end ~03:11),STRONG,,UI-ONLY — MANUAL RETRIEVAL REQUIRED,,UI-ONLY — MANUAL RETRIEVAL REQUIRED,,UI-ONLY — MANUAL RETRIEVAL REQUIRED,,UI-ONLY — MANUAL RETRIEVAL REQUIRED,,UI-ONLY — MANUAL RETRIEVAL REQUIRED,UI-ONLY — MANUAL RETRIEVAL REQUIRED,PRE_ timestamp gives session window; look for Aug-07 ~02:52–03:11 checkpoint in Agent tab
017B,Stop Landscape Thumbnails from Shaking on Hover,2026-08-07,PRE_017B_MASTER_BACKUP.md (session start 03:11 UTC; end ~03:44),STRONG,,UI-ONLY — MANUAL RETRIEVAL REQUIRED,,UI-ONLY — MANUAL RETRIEVAL REQUIRED,,UI-ONLY — MANUAL RETRIEVAL REQUIRED,,UI-ONLY — MANUAL RETRIEVAL REQUIRED,,UI-ONLY — MANUAL RETRIEVAL REQUIRED,UI-ONLY — MANUAL RETRIEVAL REQUIRED,PRE_ timestamp gives session window; look for Aug-07 ~03:11–03:44 checkpoint in Agent tab
017C,Stop Landscape Shaking When Active Background Displayed,2026-08-07,PRE_017C_MASTER_BACKUP.md (session start 03:44 UTC; end ~04:36),STRONG,,UI-ONLY — MANUAL RETRIEVAL REQUIRED,,UI-ONLY — MANUAL RETRIEVAL REQUIRED,,UI-ONLY — MANUAL RETRIEVAL REQUIRED,,UI-ONLY — MANUAL RETRIEVAL REQUIRED,,UI-ONLY — MANUAL RETRIEVAL REQUIRED,UI-ONLY — MANUAL RETRIEVAL REQUIRED,PRE_ timestamp gives session window; look for Aug-07 ~03:44–04:36 checkpoint in Agent tab
017D,Landscape Thumbnail Shaking — Confirmed Root Cause and Fix,2026-08-07,PRE_017D_MASTER_BACKUP.md (session start 04:36 UTC; end ~05:09),STRONG,,UI-ONLY — MANUAL RETRIEVAL REQUIRED,,UI-ONLY — MANUAL RETRIEVAL REQUIRED,,UI-ONLY — MANUAL RETRIEVAL REQUIRED,,UI-ONLY — MANUAL RETRIEVAL REQUIRED,,UI-ONLY — MANUAL RETRIEVAL REQUIRED,UI-ONLY — MANUAL RETRIEVAL REQUIRED,PRE_ timestamp gives session window; look for Aug-07 ~04:36–05:09 checkpoint in Agent tab
017E,Landscape Thumbnail Geometry Instability: Full Root Cause and Unified Fix,2026-08-07,PRE_017E_MASTER_BACKUP.md (session start 05:09 UTC; end ~05:54),STRONG,,UI-ONLY — MANUAL RETRIEVAL REQUIRED,,UI-ONLY — MANUAL RETRIEVAL REQUIRED,,UI-ONLY — MANUAL RETRIEVAL REQUIRED,,UI-ONLY — MANUAL RETRIEVAL REQUIRED,,UI-ONLY — MANUAL RETRIEVAL REQUIRED,UI-ONLY — MANUAL RETRIEVAL REQUIRED,PRE_ timestamp gives session window; look for Aug-07 ~05:09–05:54 checkpoint in Agent tab
017F,Restore Scan Gear List After Post-017E Regression,2026-08-07,PRE_017F_MASTER_BACKUP.md (session start 05:54 UTC; end ~06:24),STRONG,,UI-ONLY — MANUAL RETRIEVAL REQUIRED,,UI-ONLY — MANUAL RETRIEVAL REQUIRED,,UI-ONLY — MANUAL RETRIEVAL REQUIRED,,UI-ONLY — MANUAL RETRIEVAL REQUIRED,,UI-ONLY — MANUAL RETRIEVAL REQUIRED,UI-ONLY — MANUAL RETRIEVAL REQUIRED,PRE_ timestamp gives session window; look for Aug-07 ~05:54–06:24 checkpoint in Agent tab
018,Active File Name + Save Confirmation,2026-08-07,PRE_018_MASTER_BACKUP.md (session start 06:24 UTC; end ~06:50),STRONG,,UI-ONLY — MANUAL RETRIEVAL REQUIRED,,UI-ONLY — MANUAL RETRIEVAL REQUIRED,,UI-ONLY — MANUAL RETRIEVAL REQUIRED,,UI-ONLY — MANUAL RETRIEVAL REQUIRED,,UI-ONLY — MANUAL RETRIEVAL REQUIRED,UI-ONLY — MANUAL RETRIEVAL REQUIRED,PRE_ timestamp gives session window; look for Aug-07 ~06:24–06:50 checkpoint in Agent tab
018A,Active File Name Position + Theme Text Color (correction to 018),2026-08-07,PRE_018A_MASTER_BACKUP.md (session start 06:50 UTC; end ~07:19),STRONG,,UI-ONLY — MANUAL RETRIEVAL REQUIRED,,UI-ONLY — MANUAL RETRIEVAL REQUIRED,,UI-ONLY — MANUAL RETRIEVAL REQUIRED,,UI-ONLY — MANUAL RETRIEVAL REQUIRED,,UI-ONLY — MANUAL RETRIEVAL REQUIRED,UI-ONLY — MANUAL RETRIEVAL REQUIRED,PRE_ timestamp gives session window; look for Aug-07 ~06:50–07:19 checkpoint in Agent tab
018B,Match Active File Name Pill to Hide (correction to 018A),2026-08-07,PRE_018B_MASTER_BACKUP.md (session start 07:19 UTC; end ~07:36),STRONG,,UI-ONLY — MANUAL RETRIEVAL REQUIRED,,UI-ONLY — MANUAL RETRIEVAL REQUIRED,,UI-ONLY — MANUAL RETRIEVAL REQUIRED,,UI-ONLY — MANUAL RETRIEVAL REQUIRED,,UI-ONLY — MANUAL RETRIEVAL REQUIRED,UI-ONLY — MANUAL RETRIEVAL REQUIRED,PRE_ timestamp gives session window; look for Aug-07 ~07:19–07:36 checkpoint in Agent tab
018C,Align Active File Name Pill to Top Control Row (correction to 018B),2026-08-07,PRE_018C_MASTER_BACKUP.md (session start 07:36 UTC; end ~08:00),STRONG,,UI-ONLY — MANUAL RETRIEVAL REQUIRED,,UI-ONLY — MANUAL RETRIEVAL REQUIRED,,UI-ONLY — MANUAL RETRIEVAL REQUIRED,,UI-ONLY — MANUAL RETRIEVAL REQUIRED,,UI-ONLY — MANUAL RETRIEVAL REQUIRED,UI-ONLY — MANUAL RETRIEVAL REQUIRED,PRE_ timestamp gives session window; look for Aug-07 ~07:36–08:00 checkpoint in Agent tab
019,Background Edit Pill + Separate Collapsible Summary Panels,2026-08-07,PRE_019_MASTER_BACKUP.md (session start 08:00 UTC; end ~08:23),STRONG,,UI-ONLY — MANUAL RETRIEVAL REQUIRED,,UI-ONLY — MANUAL RETRIEVAL REQUIRED,,UI-ONLY — MANUAL RETRIEVAL REQUIRED,,UI-ONLY — MANUAL RETRIEVAL REQUIRED,,UI-ONLY — MANUAL RETRIEVAL REQUIRED,UI-ONLY — MANUAL RETRIEVAL REQUIRED,PRE_ timestamp gives session window; look for Aug-07 ~08:00–08:23 checkpoint in Agent tab
020,New Starts With No Categories,2026-08-07,PRE_020_MASTER_BACKUP.md (session start 08:23 UTC; end ~09:51),STRONG,,UI-ONLY — MANUAL RETRIEVAL REQUIRED,,UI-ONLY — MANUAL RETRIEVAL REQUIRED,,UI-ONLY — MANUAL RETRIEVAL REQUIRED,,UI-ONLY — MANUAL RETRIEVAL REQUIRED,,UI-ONLY — MANUAL RETRIEVAL REQUIRED,UI-ONLY — MANUAL RETRIEVAL REQUIRED,PRE_ timestamp gives session window; look for Aug-07 ~08:23–09:51 checkpoint in Agent tab
020B,Restore Saved Appearance on First Open After New,2026-08-07,PRE_020B_MASTER_BACKUP.md (session start 09:51 UTC; end ~10:20),STRONG,,UI-ONLY — MANUAL RETRIEVAL REQUIRED,,UI-ONLY — MANUAL RETRIEVAL REQUIRED,,UI-ONLY — MANUAL RETRIEVAL REQUIRED,,UI-ONLY — MANUAL RETRIEVAL REQUIRED,,UI-ONLY — MANUAL RETRIEVAL REQUIRED,UI-ONLY — MANUAL RETRIEVAL REQUIRED,PRE_ timestamp gives session window; look for Aug-07 ~09:51–10:20 checkpoint in Agent tab
020C,Make New Deterministically Reset to Clear + Light,2026-08-07,PRE_020C_MASTER_BACKUP.md (session start 10:20 UTC; end ~14:48),STRONG,,UI-ONLY — MANUAL RETRIEVAL REQUIRED,,UI-ONLY — MANUAL RETRIEVAL REQUIRED,,UI-ONLY — MANUAL RETRIEVAL REQUIRED,,UI-ONLY — MANUAL RETRIEVAL REQUIRED,,UI-ONLY — MANUAL RETRIEVAL REQUIRED,UI-ONLY — MANUAL RETRIEVAL REQUIRED,PRE_ timestamp gives session window; look for Aug-07 ~10:20–14:48 checkpoint in Agent tab
020D,Separate New Appearance From Saved-File Appearance,2026-08-07,PRE_020D_MASTER_BACKUP.md (session start 14:48 UTC; end ~17:16),STRONG,,UI-ONLY — MANUAL RETRIEVAL REQUIRED,,UI-ONLY — MANUAL RETRIEVAL REQUIRED,,UI-ONLY — MANUAL RETRIEVAL REQUIRED,,UI-ONLY — MANUAL RETRIEVAL REQUIRED,,UI-ONLY — MANUAL RETRIEVAL REQUIRED,UI-ONLY — MANUAL RETRIEVAL REQUIRED,PRE_ timestamp gives session window; look for Aug-07 ~14:48–17:16 checkpoint in Agent tab
020E,Stop Cross-Tab Background Leakage + Protect Saved Appearance Data,2026-08-07,PRE_020E_MASTER_BACKUP.md (session start 17:16 UTC; end ~18:28),STRONG,,UI-ONLY — MANUAL RETRIEVAL REQUIRED,,UI-ONLY — MANUAL RETRIEVAL REQUIRED,,UI-ONLY — MANUAL RETRIEVAL REQUIRED,,UI-ONLY — MANUAL RETRIEVAL REQUIRED,,UI-ONLY — MANUAL RETRIEVAL REQUIRED,UI-ONLY — MANUAL RETRIEVAL REQUIRED,PRE_ timestamp gives session window; look for Aug-07 ~17:16–18:28 checkpoint in Agent tab
020F,(title not extracted),2026-08-07,PRE_020F_MASTER_BACKUP.md (session start 18:28 UTC; end ~19:52),STRONG,,UI-ONLY — MANUAL RETRIEVAL REQUIRED,,UI-ONLY — MANUAL RETRIEVAL REQUIRED,,UI-ONLY — MANUAL RETRIEVAL REQUIRED,,UI-ONLY — MANUAL RETRIEVAL REQUIRED,,UI-ONLY — MANUAL RETRIEVAL REQUIRED,UI-ONLY — MANUAL RETRIEVAL REQUIRED,PRE_ timestamp gives session window; look for Aug-07 ~18:28–19:52 checkpoint in Agent tab
021,Share Link Repair,2026-08-07,PRE_021_MASTER_BACKUP.md (session start 19:52 UTC; end ~01:00 Aug-08),STRONG,,UI-ONLY — MANUAL RETRIEVAL REQUIRED,,UI-ONLY — MANUAL RETRIEVAL REQUIRED,,UI-ONLY — MANUAL RETRIEVAL REQUIRED,,UI-ONLY — MANUAL RETRIEVAL REQUIRED,,UI-ONLY — MANUAL RETRIEVAL REQUIRED,UI-ONLY — MANUAL RETRIEVAL REQUIRED,PRE_ timestamp gives session window; look for Aug-07/08 ~19:52–01:00 checkpoint in Agent tab
021A,Protect Private Checklist + Repair Locker Delete Auth,2026-08-07,Between PRE_021 (Aug-07 19:52) and PRE_021F (Aug-08 01:00) — one of 5 sessions,AMBIGUOUS,,UI-ONLY — MANUAL RETRIEVAL REQUIRED,,UI-ONLY — MANUAL RETRIEVAL REQUIRED,,UI-ONLY — MANUAL RETRIEVAL REQUIRED,,UI-ONLY — MANUAL RETRIEVAL REQUIRED,,UI-ONLY — MANUAL RETRIEVAL REQUIRED,UI-ONLY — MANUAL RETRIEVAL REQUIRED,No PRE_021A file; session falls in ~8hr window with 021B–021E; use report content/git to narrow
021B,Simplify Private Delete + Shared Locker View/Copy Only,2026-08-07,Between PRE_021 (Aug-07 19:52) and PRE_021F (Aug-08 01:00) — one of 5 sessions,AMBIGUOUS,,UI-ONLY — MANUAL RETRIEVAL REQUIRED,,UI-ONLY — MANUAL RETRIEVAL REQUIRED,,UI-ONLY — MANUAL RETRIEVAL REQUIRED,,UI-ONLY — MANUAL RETRIEVAL REQUIRED,,UI-ONLY — MANUAL RETRIEVAL REQUIRED,UI-ONLY — MANUAL RETRIEVAL REQUIRED,No PRE_021B file; session falls in ~8hr window with 021A/021C-E; use report content/git to narrow
021C,Add View-Only Shared Locker + Preserve Viewer Isolation,2026-08-08,Between PRE_021 (Aug-07 19:52) and PRE_021F (Aug-08 01:00) — one of 5 sessions,AMBIGUOUS,,UI-ONLY — MANUAL RETRIEVAL REQUIRED,,UI-ONLY — MANUAL RETRIEVAL REQUIRED,,UI-ONLY — MANUAL RETRIEVAL REQUIRED,,UI-ONLY — MANUAL RETRIEVAL REQUIRED,,UI-ONLY — MANUAL RETRIEVAL REQUIRED,UI-ONLY — MANUAL RETRIEVAL REQUIRED,No PRE_021C file; session falls in ~8hr window
021D,Make Shared Locker Visible in Real Shared Link,2026-08-08,Between PRE_021 (Aug-07 19:52) and PRE_021F (Aug-08 01:00) — one of 5 sessions,AMBIGUOUS,,UI-ONLY — MANUAL RETRIEVAL REQUIRED,,UI-ONLY — MANUAL RETRIEVAL REQUIRED,,UI-ONLY — MANUAL RETRIEVAL REQUIRED,,UI-ONLY — MANUAL RETRIEVAL REQUIRED,,UI-ONLY — MANUAL RETRIEVAL REQUIRED,UI-ONLY — MANUAL RETRIEVAL REQUIRED,No PRE_021D file; session falls in ~8hr window
021E,Fix Real Shared Locker + Share Pack List,2026-08-08,Between PRE_021 (Aug-07 19:52) and PRE_021F (Aug-08 01:00) — one of 5 sessions,AMBIGUOUS,,UI-ONLY — MANUAL RETRIEVAL REQUIRED,,UI-ONLY — MANUAL RETRIEVAL REQUIRED,,UI-ONLY — MANUAL RETRIEVAL REQUIRED,,UI-ONLY — MANUAL RETRIEVAL REQUIRED,,UI-ONLY — MANUAL RETRIEVAL REQUIRED,UI-ONLY — MANUAL RETRIEVAL REQUIRED,No PRE_021E file; session falls in ~8hr window
021F,Fix Share Menu Consistency + Panel Order + Labels,2026-08-08,PRE_021F_MASTER_BACKUP.md (session start 01:00 UTC; end ~01:32),STRONG,,UI-ONLY — MANUAL RETRIEVAL REQUIRED,,UI-ONLY — MANUAL RETRIEVAL REQUIRED,,UI-ONLY — MANUAL RETRIEVAL REQUIRED,,UI-ONLY — MANUAL RETRIEVAL REQUIRED,,UI-ONLY — MANUAL RETRIEVAL REQUIRED,UI-ONLY — MANUAL RETRIEVAL REQUIRED,PRE_ timestamp gives session window; look for Aug-08 ~01:00–01:32 checkpoint in Agent tab
021G,Fix Shared File Open + Scan Gear List Chevron,2026-08-08,PRE_021G_MASTER_BACKUP.md (session start 01:32 UTC; end ~05:13),STRONG,,UI-ONLY — MANUAL RETRIEVAL REQUIRED,,UI-ONLY — MANUAL RETRIEVAL REQUIRED,,UI-ONLY — MANUAL RETRIEVAL REQUIRED,,UI-ONLY — MANUAL RETRIEVAL REQUIRED,,UI-ONLY — MANUAL RETRIEVAL REQUIRED,UI-ONLY — MANUAL RETRIEVAL REQUIRED,PRE_ timestamp gives session window; look for Aug-08 ~01:32–05:13 checkpoint in Agent tab
021H,Rebalance Vertical Gutters and Center Sidebar,2026-08-08,PRE_021H_MASTER_BACKUP.md (session start 05:13 UTC; end ~14:03),STRONG,,UI-ONLY — MANUAL RETRIEVAL REQUIRED,,UI-ONLY — MANUAL RETRIEVAL REQUIRED,,UI-ONLY — MANUAL RETRIEVAL REQUIRED,,UI-ONLY — MANUAL RETRIEVAL REQUIRED,,UI-ONLY — MANUAL RETRIEVAL REQUIRED,UI-ONLY — MANUAL RETRIEVAL REQUIRED,PRE_ timestamp gives session window; look for Aug-08 ~05:13–14:03 checkpoint in Agent tab
021I,Pixel Baseline Diagnostic Report,2026-08-08,PRE_021I_MASTER_BACKUP.md (session start 14:03 UTC; end ~14:49),STRONG,,UI-ONLY — MANUAL RETRIEVAL REQUIRED,,UI-ONLY — MANUAL RETRIEVAL REQUIRED,,UI-ONLY — MANUAL RETRIEVAL REQUIRED,,UI-ONLY — MANUAL RETRIEVAL REQUIRED,,UI-ONLY — MANUAL RETRIEVAL REQUIRED,UI-ONLY — MANUAL RETRIEVAL REQUIRED,PRE_ timestamp gives session window; look for Aug-08 ~14:03–14:49 checkpoint in Agent tab
021J,Exact Gutter Correction + Collapsible-Panel Chevron Direction,2026-08-08,PRE_021J_MASTER_BACKUP.md (session start 14:49 UTC; end ~15:29),STRONG,,UI-ONLY — MANUAL RETRIEVAL REQUIRED,,UI-ONLY — MANUAL RETRIEVAL REQUIRED,,UI-ONLY — MANUAL RETRIEVAL REQUIRED,,UI-ONLY — MANUAL RETRIEVAL REQUIRED,,UI-ONLY — MANUAL RETRIEVAL REQUIRED,UI-ONLY — MANUAL RETRIEVAL REQUIRED,PRE_ timestamp gives session window; look for Aug-08 ~14:49–15:29 checkpoint in Agent tab
021K,Restore Category Padding and Equalize Main Gutters,2026-08-08,PRE_021K_MASTER_BACKUP.md (session start 15:29 UTC; end ~15:53),STRONG,,UI-ONLY — MANUAL RETRIEVAL REQUIRED,,UI-ONLY — MANUAL RETRIEVAL REQUIRED,,UI-ONLY — MANUAL RETRIEVAL REQUIRED,,UI-ONLY — MANUAL RETRIEVAL REQUIRED,,UI-ONLY — MANUAL RETRIEVAL REQUIRED,UI-ONLY — MANUAL RETRIEVAL REQUIRED,PRE_ timestamp gives session window; look for Aug-08 ~15:29–15:53 checkpoint in Agent tab
021L,Center Sidebar Panel + Fix Scan Gear List Disclosure Chevron,2026-08-08,PRE_021L_MASTER_BACKUP.md (session start 15:53 UTC; end ~16:20),STRONG,,UI-ONLY — MANUAL RETRIEVAL REQUIRED,,UI-ONLY — MANUAL RETRIEVAL REQUIRED,,UI-ONLY — MANUAL RETRIEVAL REQUIRED,,UI-ONLY — MANUAL RETRIEVAL REQUIRED,,UI-ONLY — MANUAL RETRIEVAL REQUIRED,UI-ONLY — MANUAL RETRIEVAL REQUIRED,PRE_ timestamp gives session window; look for Aug-08 ~15:53–16:20 checkpoint in Agent tab
021M,Align Toolbar Control Groups With Panel Edges,2026-08-08,PRE_021M_MASTER_BACKUP.md (session start 16:20 UTC; end ~17:09),STRONG,,UI-ONLY — MANUAL RETRIEVAL REQUIRED,,UI-ONLY — MANUAL RETRIEVAL REQUIRED,,UI-ONLY — MANUAL RETRIEVAL REQUIRED,,UI-ONLY — MANUAL RETRIEVAL REQUIRED,,UI-ONLY — MANUAL RETRIEVAL REQUIRED,UI-ONLY — MANUAL RETRIEVAL REQUIRED,PRE_ timestamp gives session window; look for Aug-08 ~16:20–17:09 checkpoint in Agent tab
021N,Toolbar Group Container,2026-08-08,PRE_021N_MASTER_BACKUP.md (session start 17:09 UTC; end ~17:39),STRONG,,UI-ONLY — MANUAL RETRIEVAL REQUIRED,,UI-ONLY — MANUAL RETRIEVAL REQUIRED,,UI-ONLY — MANUAL RETRIEVAL REQUIRED,,UI-ONLY — MANUAL RETRIEVAL REQUIRED,,UI-ONLY — MANUAL RETRIEVAL REQUIRED,UI-ONLY — MANUAL RETRIEVAL REQUIRED,PRE_ timestamp gives session window; look for Aug-08 ~17:09–17:39 checkpoint in Agent tab
021O,Move the Entire Toolbar Group Up,2026-08-08,PRE_021O_MASTER_BACKUP.md (session start 17:39 UTC; end ~18:13),STRONG,,UI-ONLY — MANUAL RETRIEVAL REQUIRED,,UI-ONLY — MANUAL RETRIEVAL REQUIRED,,UI-ONLY — MANUAL RETRIEVAL REQUIRED,,UI-ONLY — MANUAL RETRIEVAL REQUIRED,,UI-ONLY — MANUAL RETRIEVAL REQUIRED,UI-ONLY — MANUAL RETRIEVAL REQUIRED,PRE_ timestamp gives session window; look for Aug-08 ~17:39–18:13 checkpoint in Agent tab
021P,Align Pack Summary Top Edge With Checklist Panel,2026-08-08,PRE_021P_MASTER_BACKUP.md (session start 18:13 UTC; end ~19:12),STRONG,,UI-ONLY — MANUAL RETRIEVAL REQUIRED,,UI-ONLY — MANUAL RETRIEVAL REQUIRED,,UI-ONLY — MANUAL RETRIEVAL REQUIRED,,UI-ONLY — MANUAL RETRIEVAL REQUIRED,,UI-ONLY — MANUAL RETRIEVAL REQUIRED,UI-ONLY — MANUAL RETRIEVAL REQUIRED,PRE_ timestamp gives session window; look for Aug-08 ~18:13–19:12 checkpoint in Agent tab
022,Add TrailWeigh Footer + Legal + Help & Support Navigation,2026-08-08,PRE_022_MASTER_BACKUP.md (session start 19:12 UTC; end ~19:54),STRONG,,UI-ONLY — MANUAL RETRIEVAL REQUIRED,,UI-ONLY — MANUAL RETRIEVAL REQUIRED,,UI-ONLY — MANUAL RETRIEVAL REQUIRED,,UI-ONLY — MANUAL RETRIEVAL REQUIRED,,UI-ONLY — MANUAL RETRIEVAL REQUIRED,UI-ONLY — MANUAL RETRIEVAL REQUIRED,PRE_ timestamp gives session window; look for Aug-08 ~19:12–19:54 checkpoint in Agent tab
022A,Add Footer to Main Checklist Page,2026-08-08,PRE_022A_MASTER_BACKUP.md (session start 19:54 UTC; end ~20:09),STRONG,,UI-ONLY — MANUAL RETRIEVAL REQUIRED,,UI-ONLY — MANUAL RETRIEVAL REQUIRED,,UI-ONLY — MANUAL RETRIEVAL REQUIRED,,UI-ONLY — MANUAL RETRIEVAL REQUIRED,,UI-ONLY — MANUAL RETRIEVAL REQUIRED,UI-ONLY — MANUAL RETRIEVAL REQUIRED,PRE_ timestamp gives session window; look for Aug-08 ~19:54–20:09 checkpoint in Agent tab
022B,Complete Footer Page Content + Detailed Help & How-To,2026-08-08,PRE_022B_MASTER_BACKUP.md (session start 20:09 UTC; end ~21:32),STRONG,,UI-ONLY — MANUAL RETRIEVAL REQUIRED,,UI-ONLY — MANUAL RETRIEVAL REQUIRED,,UI-ONLY — MANUAL RETRIEVAL REQUIRED,,UI-ONLY — MANUAL RETRIEVAL REQUIRED,,UI-ONLY — MANUAL RETRIEVAL REQUIRED,UI-ONLY — MANUAL RETRIEVAL REQUIRED,PRE_ timestamp gives session window; look for Aug-08 ~20:09–21:32 checkpoint in Agent tab
022C,Reorganize and Simplify Help & How-To,2026-08-08,PRE_022C_HelpPage_BACKUP.tsx (session start 21:32 UTC; end ~21:53),STRONG,,UI-ONLY — MANUAL RETRIEVAL REQUIRED,,UI-ONLY — MANUAL RETRIEVAL REQUIRED,,UI-ONLY — MANUAL RETRIEVAL REQUIRED,,UI-ONLY — MANUAL RETRIEVAL REQUIRED,,UI-ONLY — MANUAL RETRIEVAL REQUIRED,UI-ONLY — MANUAL RETRIEVAL REQUIRED,PRE_ timestamp gives session window; look for Aug-08 ~21:32–21:53 checkpoint in Agent tab
022D,Build About TrailWeigh Accordion Content,2026-08-08,PRE_022D_AboutPage_BACKUP.tsx (session start 21:53 UTC; end ~22:17),STRONG,,UI-ONLY — MANUAL RETRIEVAL REQUIRED,,UI-ONLY — MANUAL RETRIEVAL REQUIRED,,UI-ONLY — MANUAL RETRIEVAL REQUIRED,,UI-ONLY — MANUAL RETRIEVAL REQUIRED,,UI-ONLY — MANUAL RETRIEVAL REQUIRED,UI-ONLY — MANUAL RETRIEVAL REQUIRED,PRE_ timestamp gives session window; look for Aug-08 ~21:53–22:17 checkpoint in Agent tab
022E,Update How It Works,2026-08-08,PRE_022E_HowItWorksPage_BACKUP.tsx (session start 22:17 UTC; end ~22:57),STRONG,,UI-ONLY — MANUAL RETRIEVAL REQUIRED,,UI-ONLY — MANUAL RETRIEVAL REQUIRED,,UI-ONLY — MANUAL RETRIEVAL REQUIRED,,UI-ONLY — MANUAL RETRIEVAL REQUIRED,,UI-ONLY — MANUAL RETRIEVAL REQUIRED,UI-ONLY — MANUAL RETRIEVAL REQUIRED,PRE_ timestamp gives session window; look for Aug-08 ~22:17–22:57 checkpoint in Agent tab
022F,Shared-Link Footer Overlay Fix,2026-08-08,PRE_022F_SharedChecklistPage_BACKUP.tsx (session start 22:57 UTC; end ~23:19),STRONG,,UI-ONLY — MANUAL RETRIEVAL REQUIRED,,UI-ONLY — MANUAL RETRIEVAL REQUIRED,,UI-ONLY — MANUAL RETRIEVAL REQUIRED,,UI-ONLY — MANUAL RETRIEVAL REQUIRED,,UI-ONLY — MANUAL RETRIEVAL REQUIRED,UI-ONLY — MANUAL RETRIEVAL REQUIRED,PRE_ timestamp gives session window; look for Aug-08 ~22:57–23:19 checkpoint in Agent tab
022G,Restore Last Workspace With All Panels Closed,2026-08-08,PRE_022G_Checklist_BACKUP.tsx (session start 23:19 UTC; end ~23:32),STRONG,,UI-ONLY — MANUAL RETRIEVAL REQUIRED,,UI-ONLY — MANUAL RETRIEVAL REQUIRED,,UI-ONLY — MANUAL RETRIEVAL REQUIRED,,UI-ONLY — MANUAL RETRIEVAL REQUIRED,,UI-ONLY — MANUAL RETRIEVAL REQUIRED,UI-ONLY — MANUAL RETRIEVAL REQUIRED,PRE_ timestamp gives session window; look for Aug-08 ~23:19–23:32 checkpoint in Agent tab
022H,Start Shared Links With All Panels Closed,2026-08-08,PRE_022H_SharedChecklistPage_BACKUP.tsx (session start 23:32 UTC; end ~23:48),STRONG,,UI-ONLY — MANUAL RETRIEVAL REQUIRED,,UI-ONLY — MANUAL RETRIEVAL REQUIRED,,UI-ONLY — MANUAL RETRIEVAL REQUIRED,,UI-ONLY — MANUAL RETRIEVAL REQUIRED,,UI-ONLY — MANUAL RETRIEVAL REQUIRED,UI-ONLY — MANUAL RETRIEVAL REQUIRED,PRE_ timestamp gives session window; look for Aug-08 ~23:32–23:48 checkpoint in Agent tab
022I,Complete Shared-Link Collapse & Share Behavior,2026-08-08,PRE_022I_ImportGearPanel_BACKUP.tsx (session start 23:48 UTC; end ~00:18 Aug-09),STRONG,,UI-ONLY — MANUAL RETRIEVAL REQUIRED,,UI-ONLY — MANUAL RETRIEVAL REQUIRED,,UI-ONLY — MANUAL RETRIEVAL REQUIRED,,UI-ONLY — MANUAL RETRIEVAL REQUIRED,,UI-ONLY — MANUAL RETRIEVAL REQUIRED,UI-ONLY — MANUAL RETRIEVAL REQUIRED,PRE_ timestamp gives session window; look for Aug-08/09 ~23:48–00:18 checkpoint in Agent tab
022J,Consistent Native Share + Default Panel State,2026-08-09,PRE_022J_SharedChecklistPage_BACKUP.tsx (session start 00:18 UTC; end ~00:52 git commit),STRONG,,UI-ONLY — MANUAL RETRIEVAL REQUIRED,,UI-ONLY — MANUAL RETRIEVAL REQUIRED,,UI-ONLY — MANUAL RETRIEVAL REQUIRED,,UI-ONLY — MANUAL RETRIEVAL REQUIRED,,UI-ONLY — MANUAL RETRIEVAL REQUIRED,UI-ONLY — MANUAL RETRIEVAL REQUIRED,PRE_ timestamp gives session window; look for Aug-09 ~00:18–00:52 checkpoint in Agent tab
022K,(report missing — no title available),—,NOT FOUND,NOT FOUND,,NOT FOUND,,NOT FOUND,,NOT FOUND,,NOT FOUND,,NOT FOUND,NOT FOUND,No report file, no PRE_ backup, no test reference found for 022K
022L,Expanded About + Sources & References,2026-08-09,~03:35 UTC Aug-09 (git commit approximation),AMBIGUOUS,,UI-ONLY — MANUAL RETRIEVAL REQUIRED,,UI-ONLY — MANUAL RETRIEVAL REQUIRED,,UI-ONLY — MANUAL RETRIEVAL REQUIRED,,UI-ONLY — MANUAL RETRIEVAL REQUIRED,,UI-ONLY — MANUAL RETRIEVAL REQUIRED,UI-ONLY — MANUAL RETRIEVAL REQUIRED,No PRE_ backup file; use git commit ~03:35 to locate checkpoint in Agent tab
022M,Improve Sign-In / Form Field Visibility,2026-08-09,~04:40 UTC Aug-09 (git commit approximation),AMBIGUOUS,,UI-ONLY — MANUAL RETRIEVAL REQUIRED,,UI-ONLY — MANUAL RETRIEVAL REQUIRED,,UI-ONLY — MANUAL RETRIEVAL REQUIRED,,UI-ONLY — MANUAL RETRIEVAL REQUIRED,,UI-ONLY — MANUAL RETRIEVAL REQUIRED,UI-ONLY — MANUAL RETRIEVAL REQUIRED,No PRE_ backup file; use git commit ~04:40 to locate checkpoint in Agent tab
022N,Increase Sign-In Contrast & Fix Continue Button States,2026-08-09,~04:51 UTC Aug-09 (git commit approximation),AMBIGUOUS,,UI-ONLY — MANUAL RETRIEVAL REQUIRED,,UI-ONLY — MANUAL RETRIEVAL REQUIRED,,UI-ONLY — MANUAL RETRIEVAL REQUIRED,,UI-ONLY — MANUAL RETRIEVAL REQUIRED,,UI-ONLY — MANUAL RETRIEVAL REQUIRED,UI-ONLY — MANUAL RETRIEVAL REQUIRED,No PRE_ backup file; use git commit ~04:51 to locate checkpoint in Agent tab
022O,Fix Password Recovery + Password Visibility + Auth Contrast,2026-08-09,~05:51 UTC Aug-09 (git commit approximation),AMBIGUOUS,,UI-ONLY — MANUAL RETRIEVAL REQUIRED,,UI-ONLY — MANUAL RETRIEVAL REQUIRED,,UI-ONLY — MANUAL RETRIEVAL REQUIRED,,UI-ONLY — MANUAL RETRIEVAL REQUIRED,,UI-ONLY — MANUAL RETRIEVAL REQUIRED,UI-ONLY — MANUAL RETRIEVAL REQUIRED,No PRE_ backup file; use git commit ~05:51 to locate checkpoint in Agent tab
022P,Delete Custom Background Themes,2026-08-09,~Aug-09 (approximate — no git commit isolated),AMBIGUOUS,,UI-ONLY — MANUAL RETRIEVAL REQUIRED,,UI-ONLY — MANUAL RETRIEVAL REQUIRED,,UI-ONLY — MANUAL RETRIEVAL REQUIRED,,UI-ONLY — MANUAL RETRIEVAL REQUIRED,,UI-ONLY — MANUAL RETRIEVAL REQUIRED,UI-ONLY — MANUAL RETRIEVAL REQUIRED,No PRE_ backup file; approximate date only
022Q,(report missing — no title available),—,NOT FOUND,NOT FOUND,,NOT FOUND,,NOT FOUND,,NOT FOUND,,NOT FOUND,,NOT FOUND,NOT FOUND,No report file, no PRE_ backup, no test reference found for 022Q
022R,Mobile Compatibility & Cross-Device Synchronization,2026-08-09,~13:52–14:31 UTC Aug-09 (git commit range),AMBIGUOUS,,UI-ONLY — MANUAL RETRIEVAL REQUIRED,,UI-ONLY — MANUAL RETRIEVAL REQUIRED,,UI-ONLY — MANUAL RETRIEVAL REQUIRED,,UI-ONLY — MANUAL RETRIEVAL REQUIRED,,UI-ONLY — MANUAL RETRIEVAL REQUIRED,UI-ONLY — MANUAL RETRIEVAL REQUIRED,No PRE_ backup file; use git commit range 13:52–14:31 to locate checkpoint in Agent tab
022S,Fix Failed iPhone Locker Synchronization,2026-08-09,~15:48 UTC Aug-09 (git commit approximation),AMBIGUOUS,,UI-ONLY — MANUAL RETRIEVAL REQUIRED,,UI-ONLY — MANUAL RETRIEVAL REQUIRED,,UI-ONLY — MANUAL RETRIEVAL REQUIRED,,UI-ONLY — MANUAL RETRIEVAL REQUIRED,,UI-ONLY — MANUAL RETRIEVAL REQUIRED,UI-ONLY — MANUAL RETRIEVAL REQUIRED,No PRE_ backup file; use git commit ~15:48 to locate checkpoint in Agent tab
022T,Fix Real-Device Sync by Proving Build / Environment / Account / Server State,2026-08-09,~16:19–16:39 UTC Aug-09 (git commit range),AMBIGUOUS,,UI-ONLY — MANUAL RETRIEVAL REQUIRED,,UI-ONLY — MANUAL RETRIEVAL REQUIRED,,UI-ONLY — MANUAL RETRIEVAL REQUIRED,,UI-ONLY — MANUAL RETRIEVAL REQUIRED,,UI-ONLY — MANUAL RETRIEVAL REQUIRED,UI-ONLY — MANUAL RETRIEVAL REQUIRED,No PRE_ backup file; use git commit range 16:19–16:39 to locate checkpoint in Agent tab
022U,Fix Mobile Locker Scrolling and Saved-File Visibility,2026-08-10,~17:04 UTC Aug-09 (git commit approximation),AMBIGUOUS,,UI-ONLY — MANUAL RETRIEVAL REQUIRED,,UI-ONLY — MANUAL RETRIEVAL REQUIRED,,UI-ONLY — MANUAL RETRIEVAL REQUIRED,,UI-ONLY — MANUAL RETRIEVAL REQUIRED,,UI-ONLY — MANUAL RETRIEVAL REQUIRED,UI-ONLY — MANUAL RETRIEVAL REQUIRED,No PRE_ backup file; use git commit ~17:04 to locate checkpoint in Agent tab
022V,Fix Mobile Portrait Toolbar and Pill Alignment,2026-08-10,~17:31 UTC Aug-09 (git commit approximation),AMBIGUOUS,,UI-ONLY — MANUAL RETRIEVAL REQUIRED,,UI-ONLY — MANUAL RETRIEVAL REQUIRED,,UI-ONLY — MANUAL RETRIEVAL REQUIRED,,UI-ONLY — MANUAL RETRIEVAL REQUIRED,,UI-ONLY — MANUAL RETRIEVAL REQUIRED,UI-ONLY — MANUAL RETRIEVAL REQUIRED,No PRE_ backup file; use git commit ~17:31 to locate checkpoint in Agent tab
022W,Correct Mobile Portrait Toolbar Layout with Explicit Rows,2026-08-10,~18:39 UTC Aug-09 (git commit approximation),AMBIGUOUS,,UI-ONLY — MANUAL RETRIEVAL REQUIRED,,UI-ONLY — MANUAL RETRIEVAL REQUIRED,,UI-ONLY — MANUAL RETRIEVAL REQUIRED,,UI-ONLY — MANUAL RETRIEVAL REQUIRED,,UI-ONLY — MANUAL RETRIEVAL REQUIRED,UI-ONLY — MANUAL RETRIEVAL REQUIRED,No PRE_ backup file; use git commit ~18:39 to locate checkpoint in Agent tab
022X,Restore Intended Toolbar/Pill Positions on Mobile,2026-08-10,~19:20 UTC Aug-09 (git commit approximation),AMBIGUOUS,,UI-ONLY — MANUAL RETRIEVAL REQUIRED,,UI-ONLY — MANUAL RETRIEVAL REQUIRED,,UI-ONLY — MANUAL RETRIEVAL REQUIRED,,UI-ONLY — MANUAL RETRIEVAL REQUIRED,,UI-ONLY — MANUAL RETRIEVAL REQUIRED,UI-ONLY — MANUAL RETRIEVAL REQUIRED,No PRE_ backup file; use git commit ~19:20 to locate checkpoint in Agent tab
022Y,Fix Custom-Theme Delete Warning Position,2026-08-10,~20:10 UTC Aug-09 (git commit approximation),AMBIGUOUS,,UI-ONLY — MANUAL RETRIEVAL REQUIRED,,UI-ONLY — MANUAL RETRIEVAL REQUIRED,,UI-ONLY — MANUAL RETRIEVAL REQUIRED,,UI-ONLY — MANUAL RETRIEVAL REQUIRED,,UI-ONLY — MANUAL RETRIEVAL REQUIRED,UI-ONLY — MANUAL RETRIEVAL REQUIRED,No PRE_ backup file; use git commit ~20:10 to locate checkpoint in Agent tab
022Z,Fix Custom-Theme Delete Confirmation Jump and Double-Click,2026-08-10,~21:18 UTC Aug-09 (git commit approximation),AMBIGUOUS,,UI-ONLY — MANUAL RETRIEVAL REQUIRED,,UI-ONLY — MANUAL RETRIEVAL REQUIRED,,UI-ONLY — MANUAL RETRIEVAL REQUIRED,,UI-ONLY — MANUAL RETRIEVAL REQUIRED,,UI-ONLY — MANUAL RETRIEVAL REQUIRED,UI-ONLY — MANUAL RETRIEVAL REQUIRED,No PRE_ backup file; use git commit ~21:18 to locate checkpoint in Agent tab
023A,Make Custom-Theme Deletion Undoable,2026-08-10,~21:52 UTC Aug-09 (git commit approximation),AMBIGUOUS,,UI-ONLY — MANUAL RETRIEVAL REQUIRED,,UI-ONLY — MANUAL RETRIEVAL REQUIRED,,UI-ONLY — MANUAL RETRIEVAL REQUIRED,,UI-ONLY — MANUAL RETRIEVAL REQUIRED,,UI-ONLY — MANUAL RETRIEVAL REQUIRED,UI-ONLY — MANUAL RETRIEVAL REQUIRED,No PRE_ backup file; use git commit ~21:52 to locate checkpoint in Agent tab
023B,BackgroundPicker Theme Names/Order + Phone Layout Redesign,2026-08-10,~23:12 UTC Aug-09 (git commit approximation),AMBIGUOUS,,UI-ONLY — MANUAL RETRIEVAL REQUIRED,,UI-ONLY — MANUAL RETRIEVAL REQUIRED,,UI-ONLY — MANUAL RETRIEVAL REQUIRED,,UI-ONLY — MANUAL RETRIEVAL REQUIRED,,UI-ONLY — MANUAL RETRIEVAL REQUIRED,UI-ONLY — MANUAL RETRIEVAL REQUIRED,No PRE_ backup file; use git commit ~23:12 to locate checkpoint in Agent tab
023C,Themes Phone Spacing & Multi-Use Messaging,2026-08-09,~00:12 UTC Aug-10 (git commit approximation),AMBIGUOUS,,UI-ONLY — MANUAL RETRIEVAL REQUIRED,,UI-ONLY — MANUAL RETRIEVAL REQUIRED,,UI-ONLY — MANUAL RETRIEVAL REQUIRED,,UI-ONLY — MANUAL RETRIEVAL REQUIRED,,UI-ONLY — MANUAL RETRIEVAL REQUIRED,UI-ONLY — MANUAL RETRIEVAL REQUIRED,No PRE_ backup file; use git commit ~00:12 Aug-10 to locate checkpoint in Agent tab
023D,Remove Replit-Added Duplicate Themes + Fix About Multi-Use Intro,2026-08-10,~00:46 UTC Aug-10 (git commit approximation),AMBIGUOUS,,UI-ONLY — MANUAL RETRIEVAL REQUIRED,,UI-ONLY — MANUAL RETRIEVAL REQUIRED,,UI-ONLY — MANUAL RETRIEVAL REQUIRED,,UI-ONLY — MANUAL RETRIEVAL REQUIRED,,UI-ONLY — MANUAL RETRIEVAL REQUIRED,UI-ONLY — MANUAL RETRIEVAL REQUIRED,No PRE_ backup file; use git commit ~00:46 to locate checkpoint in Agent tab
023E,Bar Color/Text Styling + Focus Fix + Share Hover + Landing Rewrite,2026-08-10,~02:34 UTC Aug-10 (git commit approximation),AMBIGUOUS,,UI-ONLY — MANUAL RETRIEVAL REQUIRED,,UI-ONLY — MANUAL RETRIEVAL REQUIRED,,UI-ONLY — MANUAL RETRIEVAL REQUIRED,,UI-ONLY — MANUAL RETRIEVAL REQUIRED,,UI-ONLY — MANUAL RETRIEVAL REQUIRED,UI-ONLY — MANUAL RETRIEVAL REQUIRED,No PRE_ backup file; use git commit ~02:34 to locate checkpoint in Agent tab
023F,Complete Bar Color / Text / Font Coverage,2026-08-10,~03:31 UTC Aug-10 (git commit approximation),AMBIGUOUS,,UI-ONLY — MANUAL RETRIEVAL REQUIRED,,UI-ONLY — MANUAL RETRIEVAL REQUIRED,,UI-ONLY — MANUAL RETRIEVAL REQUIRED,,UI-ONLY — MANUAL RETRIEVAL REQUIRED,,UI-ONLY — MANUAL RETRIEVAL REQUIRED,UI-ONLY — MANUAL RETRIEVAL REQUIRED,No PRE_ backup file; use git commit ~03:31 to locate checkpoint in Agent tab
023G,Bar Style Transparency + Window Isolation + Visual Polish,2026-08-10,~04:36–05:00 UTC Aug-10 (git commit range),AMBIGUOUS,,UI-ONLY — MANUAL RETRIEVAL REQUIRED,,UI-ONLY — MANUAL RETRIEVAL REQUIRED,,UI-ONLY — MANUAL RETRIEVAL REQUIRED,,UI-ONLY — MANUAL RETRIEVAL REQUIRED,,UI-ONLY — MANUAL RETRIEVAL REQUIRED,UI-ONLY — MANUAL RETRIEVAL REQUIRED,No PRE_ backup file; use git commit range 04:36–05:00 to locate checkpoint in Agent tab
023H,Emergency Recovery: Fix TrailWeigh Blank-Screen Regression,2026-08-10,~13:52 UTC Aug-10 (git commit approximation),AMBIGUOUS,,UI-ONLY — MANUAL RETRIEVAL REQUIRED,,UI-ONLY — MANUAL RETRIEVAL REQUIRED,,UI-ONLY — MANUAL RETRIEVAL REQUIRED,,UI-ONLY — MANUAL RETRIEVAL REQUIRED,,UI-ONLY — MANUAL RETRIEVAL REQUIRED,UI-ONLY — MANUAL RETRIEVAL REQUIRED,No PRE_ backup file; use git commit ~13:52 to locate checkpoint in Agent tab
023I,Emergency Backend Recovery: Fix 502 API Failures,2026-08-10,~15:09 UTC Aug-10 (git commit),AMBIGUOUS,4,USER-PROVIDED (user screenshot),25,USER-PROVIDED (user screenshot),,USER-PROVIDED (user screenshot),1074,USER-PROVIDED (user screenshot),0.58,USER-PROVIDED (user screenshot),PARTIALLY RECOVERED (USER-PROVIDED — NOT REPLIT-VERIFIED),User provided screenshot values; cannot be programmatically verified against Replit history
023J,Historical Workflow Inventory (Prompt 023J),2026-08-10,~15:33 UTC Aug-10 (git commit),AMBIGUOUS,11,USER-PROVIDED (user screenshot),18,USER-PROVIDED (user screenshot),,USER-PROVIDED (user screenshot),631,USER-PROVIDED (user screenshot),1.33,USER-PROVIDED (user screenshot),PARTIALLY RECOVERED (USER-PROVIDED — NOT REPLIT-VERIFIED),User provided screenshot values; cannot be programmatically verified against Replit history
