Category,Item Name,Description,Quantity,Weight,Unit,Worn,Consumable
Pack,Trail Backpack,40 L frameless backpack,1,24.8,oz,FALSE,FALSE
Shelter,Trekking Pole Tent,Single-wall shelter,1,28.5,oz,FALSE,FALSE
Sleep System,Down Quilt,20 degree quilt,1,22.4,oz,FALSE,FALSE
Sleep System,Sleeping Pad,Inflatable pad,1,15.5,oz,FALSE,FALSE
Kitchen,Titanium Pot,750 ml pot,1,3.6,oz,FALSE,FALSE
Kitchen,Fuel Canister,110 g fuel canister,1,7.1,oz,FALSE,TRUE
Water,Smartwater Bottle,1 L bottle,2,1.4,oz,FALSE,FALSE
Clothing,Hiking Shirt,Worn while hiking,1,5.2,oz,TRUE,FALSE
Electronics,Power Bank,"10,000 mAh",1,6.4,oz,FALSE,FALSE
